duration,end_of_fade_in,key,loudness,mode,start_of_fade_out,tempo,time_signature,artist_name,e_grammy,e_billboard,e_spotify
223.9473,0.316,7,-7.417,1,216.16,119.301,4,Johnny Cash,0.0,0.0,0
317.90975,2.862,1,-7.714,1,303.386,90.024,4,Enrique Iglesias,0.0,0.0,0
193.93261,0.16,7,-8.397,0,182.967,143.997,4,Céline Dion,0.0,0.0,0
207.77751,0.16,9,-7.642,1,197.143,167.888,1,Michael Jackson,0.0,0.0,0
302.81098,0.0,11,-3.575,1,293.634,170.026,4,Eminem,0.0,0.0,0
156.81261,2.49,0,-7.027,1,151.028,74.95,3,James Brown,0.0,0.0,1
254.58893,0.09,4,-6.512,0,238.37,88.109,4,Mariah Carey,0.0,0.0,0
250.43546,0.0,10,-15.261,1,241.998,76.324,3,Johnny Cash,0.0,0.0,0
136.202,0.0,6,-13.71,1,126.38,134.526,1,Johnny Cash,0.0,0.0,0
222.45832,0.408,0,-8.813,0,212.526,73.547,4,Michael Jackson,0.0,0.0,0
214.49098,0.706,6,-8.658,1,198.124,122.035,4,Mariah Carey,0.0,0.0,1
242.93832,0.0,6,-4.544,1,235.427,122.993,4,Weezer,0.0,0.0,0
259.65669,0.189,0,-7.672,1,250.671,168.672,4,Bruce Springsteen,0.0,0.0,0
277.05424,0.16,11,-4.481,1,266.838,83.064,4,Weezer,0.0,0.0,0
355.3171,0.554,5,-10.267,1,344.062,151.228,1,The Black Keys,0.0,0.0,0
392.51546,0.206,4,-9.219,0,388.272,152.038,4,Mannheim Steamroller,0.0,0.0,0
301.71383,0.665,5,-12.988,1,297.059,73.536,4,Coldplay,0.0,0.0,1
32.49587,0.717,5,-16.001,1,32.496,215.865,7,The Black Keys,0.0,0.0,0
252.49914,0.212,0,-7.429,0,252.499,128.202,5,Muse,0.0,0.0,1
168.04526,0.345,7,-13.471,1,162.354,100.82,4,The Black Keys,0.0,0.0,0
221.20444,0.0,9,-6.056,0,215.62,117.108,4,Muse,0.0,0.0,0
261.72036,0.0,2,-5.266,1,261.72,151.11,4,Eminem,0.0,0.0,1
289.85424,0.127,3,-9.183,1,275.209,102.479,4,Mariah Carey,0.0,1.0,1
120.42404,0.252,9,-8.196,1,114.004,157.111,1,The Rolling Stones,0.0,0.0,0
186.14812,1.099,0,-14.011,1,180.28,88.146,1,Bruce Springsteen,0.0,0.0,0
299.85914,0.329,6,-10.29,1,285.826,143.879,4,Céline Dion,0.0,0.0,1
187.45424,0.0,7,-8.388,1,182.938,84.691,4,Michael Bublé,0.0,0.0,0
447.42485,0.0,7,-9.365,1,442.578,102.633,4,Metallica,1.0,1.0,1
270.99383,4.592,6,-23.602,1,262.316,128.272,4,Bruce Springsteen,0.0,0.0,0
219.71546,3.686,10,-14.111,1,212.288,95.346,1,Michael Jackson,0.0,0.0,0
244.45342,3.268,1,-9.599,1,229.436,63.19,4,Daft Punk,0.0,0.0,0
114.49424,0.0,8,-5.819,1,112.181,90.992,4,Eminem,0.0,0.0,0
259.99628,0.0,0,-5.378,1,243.217,117.018,4,Céline Dion,0.0,0.0,0
213.002,5.341,5,-11.896,1,200.319,132.577,4,Bruce Springsteen,0.0,1.0,1
195.52608,0.0,6,-5.987,1,186.886,91.032,4,Enrique Iglesias,0.0,0.0,0
122.93179,0.135,7,-6.279,1,117.545,98.333,3,The Rolling Stones,0.0,0.0,0
164.67546,0.16,9,-11.23,1,159.457,96.056,1,Johnny Cash,0.0,0.0,0
247.84934,0.113,10,-4.894,0,247.849,239.33,4,Daft Punk,0.0,0.0,0
229.14567,0.142,9,-12.829,0,214.274,100.013,4,Daft Punk,0.0,0.0,1
305.29261,2.641,4,-7.896,1,298.098,127.534,1,Bruce Springsteen,0.0,0.0,1
289.04444,0.177,1,-9.605,0,278.291,225.215,4,Coldplay,0.0,0.0,0
191.18975,3.379,9,-4.204,1,186.671,175.692,4,Metallica,0.0,0.0,0
277.08036,0.0,9,-9.871,1,272.637,138.025,3,Mariah Carey,0.0,0.0,0
110.65424,2.461,8,-25.522,1,104.815,118.585,4,John Frizzell,0.0,0.0,0
233.482,0.0,5,-2.776,1,233.482,132.754,1,The Rolling Stones,0.0,1.0,0
323.97016,0.107,11,-6.414,1,312.802,115.03,4,U2,0.0,1.0,1
135.78404,0.188,2,-15.387,1,132.865,40.253,4,Ray Charles,0.0,0.0,0
135.88853,3.802,1,-26.055,1,122.538,132.177,3,John Frizzell,0.0,0.0,0
448.46975,0.0,1,-4.596,1,443.925,130.044,4,Daft Punk,0.0,0.0,1
543.84281,0.218,1,-5.68,1,540.851,135.267,3,Metallica,0.0,0.0,1
223.32036,4.36,2,-8.016,1,215.499,106.056,4,Weezer,0.0,0.0,0
263.94077,2.577,5,-10.001,1,256.743,87.933,4,Mariah Carey,0.0,1.0,1
218.90567,0.113,1,-6.852,0,211.116,69.802,4,The Black Keys,0.0,0.0,0
199.6273,0.363,11,-10.352,0,192.25,128.798,4,U2,0.0,1.0,1
346.14812,0.0,8,-11.736,1,337.131,168.221,3,James Brown,0.0,0.0,0
161.20118,0.553,8,-7.752,1,158.018,121.146,4,Weezer,0.0,0.0,1
274.1024,2.566,9,-8.936,1,269.677,104.535,4,The Rolling Stones,0.0,0.0,0
467.98322,5.869,6,-7.91,0,443.565,121.93,4,Daft Punk,0.0,0.0,0
257.67138,0.406,1,-19.477,1,243.49,83.912,1,Mannheim Steamroller,0.0,0.0,0
232.09751,2.798,7,-3.584,1,218.86,162.003,4,Michael Jackson,0.0,1.0,0
262.05995,0.134,8,-8.719,1,249.876,114.018,4,Michael Jackson,0.0,0.0,0
261.642,0.0,0,-5.302,1,251.548,117.082,4,Mariah Carey,0.0,0.0,0
200.30649,0.427,5,-12.705,1,197.01,121.093,4,Eminem,0.0,1.0,1
238.75873,0.084,7,-8.966,1,233.041,104.517,4,Brad Paisley,0.0,0.0,0
290.61179,3.558,6,-8.062,0,286.209,130.837,4,Mariah Carey,0.0,1.0,0
237.45261,0.0,5,-6.718,0,223.527,140.796,4,Coldplay,0.0,0.0,0
266.762,2.659,9,-9.453,1,258.485,109.631,4,Coldplay,0.0,0.0,0
154.27873,0.135,1,-16.832,0,139.958,176.595,1,Bruce Springsteen,0.0,1.0,1
473.23383,0.0,8,-6.163,1,473.234,119.702,3,Queen,0.0,1.0,1
253.07383,0.131,11,-15.962,1,243.85,90.971,4,U2,0.0,0.0,0
214.15138,0.0,8,-3.417,1,194.467,117.734,4,Weezer,0.0,0.0,0
160.15628,2.879,3,-12.496,1,150.477,128.223,4,James Brown,0.0,0.0,0
325.01506,0.0,5,-8.292,1,322.421,107.026,4,Céline Dion,0.0,0.0,0
239.12444,0.139,9,-6.734,0,223.811,78.497,3,The Black Keys,0.0,0.0,1
182.38649,0.084,7,-13.825,1,176.263,106.287,4,Johnny Cash,0.0,0.0,0
167.78404,0.0,3,-2.572,1,162.29,133.109,1,Weezer,0.0,0.0,0
223.84281,0.316,0,-8.553,1,219.725,140.064,4,The Black Keys,0.0,0.0,0
165.25016,0.447,7,-13.375,1,153.542,106.092,4,Johnny Cash,0.0,0.0,0
204.82567,0.293,0,-20.208,0,194.978,72.756,3,John Frizzell,0.0,0.0,0
189.90975,2.328,9,-9.658,1,178.329,121.567,3,Mariah Carey,0.0,0.0,0
211.04281,0.508,9,-13.074,1,197.671,74.352,4,Brad Paisley,0.0,0.0,0
243.30404,3.082,1,-3.827,0,238.649,121.589,4,Muse,0.0,0.0,1
327.8624,0.235,11,-6.096,1,305.482,132.73,4,Coldplay,0.0,0.0,1
213.57669,2.322,0,-9.672,1,206.478,136.387,1,Bruce Springsteen,0.0,0.0,0
206.47138,2.676,11,-6.287,0,195.767,100.548,4,Mariah Carey,0.0,0.0,0
175.25506,0.171,9,-16.029,1,165.059,99.337,4,Ray Charles,0.0,0.0,0
277.49832,3.024,0,-16.065,1,271.018,72.667,3,Johnny Cash,0.0,0.0,0
109.00853,0.282,9,-9.908,1,97.309,205.347,4,John Frizzell,0.0,0.0,0
152.52853,0.334,0,-6.521,0,148.782,122.413,4,The Black Keys,0.0,0.0,0
382.64118,0.154,9,-5.038,0,367.926,117.032,4,Michael Jackson,1.0,1.0,1
83.12118,0.443,8,-26.09,1,78.036,121.75,3,John Frizzell,0.0,0.0,0
177.10975,3.024,3,-9.854,1,164.345,82.384,3,Weezer,0.0,0.0,0
250.27873,0.404,7,-10.596,1,238.997,151.059,4,Brad Paisley,0.0,0.0,0
399.51628,0.0,11,-0.726,0,392.278,129.415,1,Metallica,0.0,1.0,0
284.682,0.0,8,-5.117,1,281.449,119.807,5,Metallica,0.0,1.0,1
231.83628,0.18,9,-17.512,1,212.323,90.897,4,Brad Paisley,0.0,0.0,0
157.1522,0.0,2,-7.267,1,149.258,119.378,4,The Rolling Stones,0.0,0.0,0
283.58485,3.228,1,-4.532,0,266.728,163.455,1,Eminem,0.0,1.0,1
258.29832,0.252,6,-8.135,0,246.073,157.799,4,Mariah Carey,0.0,1.0,1
316.73424,0.438,0,-18.926,1,291.492,85.047,3,Mannheim Steamroller,0.0,0.0,0
270.52363,12.225,0,-13.273,1,250.63,95.89,3,U2,0.0,0.0,0
380.76036,0.183,0,-6.548,1,380.76,85.124,4,Muse,0.0,0.0,0
308.50567,0.212,8,-6.203,1,300.048,166.011,4,Metallica,0.0,0.0,1
229.14567,0.0,9,-3.467,1,224.996,108.185,4,Céline Dion,0.0,0.0,0
324.49261,15.128,3,-14.74,0,290.546,89.868,4,U2,0.0,0.0,1
130.95138,0.112,1,-5.577,1,118.921,137.302,4,The Black Keys,0.0,0.0,0
33.27955,0.428,1,-24.945,1,33.28,132.468,5,Eminem,0.0,0.0,0
365.16526,0.0,2,-6.517,1,361.361,114.039,4,Bruce Springsteen,0.0,0.0,0
266.89261,0.0,7,-5.645,1,249.76,172.733,4,Eminem,0.0,0.0,1
191.99955,0.0,1,-7.134,1,182.753,110.147,4,Michael Jackson,0.0,1.0,0
241.162,0.369,2,-5.318,1,231.515,108.054,1,The Black Keys,0.0,0.0,0
247.87546,0.067,4,-4.491,0,245.098,163.879,4,Eminem,0.0,0.0,1
266.23955,0.189,3,-3.609,0,266.24,122.651,4,Metallica,0.0,1.0,1
191.242,0.316,7,-14.44,0,187.054,61.737,4,Ray Charles,0.0,0.0,0
236.82567,0.264,3,-4.17,1,231.636,101.947,5,Enrique Iglesias,0.0,0.0,0
272.3522,0.177,10,-5.851,1,253.655,148.079,4,Céline Dion,0.0,0.0,1
413.64853,2.038,11,-6.691,0,397.636,117.189,4,Daft Punk,0.0,0.0,0
230.26893,0.0,7,-4.293,1,209.084,102.491,5,Eminem,0.0,0.0,1
276.37506,0.187,1,-6.656,1,261.892,85.294,4,Eminem,0.0,0.0,0
220.49914,0.142,11,-7.728,1,207.43,135.379,3,Céline Dion,0.0,0.0,0
266.91873,0.165,0,-8.714,1,251.844,105.676,4,Brad Paisley,0.0,1.0,0
204.48608,0.369,2,-7.166,1,201.567,133.845,4,Céline Dion,0.0,0.0,0
222.53669,3.379,5,-16.971,1,209.949,101.277,4,Mannheim Steamroller,0.0,0.0,0
388.70159,0.793,1,-13.687,0,370.776,107.798,4,U2,0.0,0.0,0
107.12771,6.705,8,-26.33,1,107.128,95.215,1,John Frizzell,0.0,0.0,0
263.57506,0.0,7,-8.406,1,247.298,156.2,4,The Rolling Stones,0.0,0.0,0
293.09342,0.0,11,-9.785,1,285.298,204.081,4,Metallica,0.0,0.0,1
201.42975,0.572,0,-4.8,1,187.077,124.056,4,The Rolling Stones,0.0,0.0,0
273.84118,3.233,6,-8.365,1,255.199,102.773,4,U2,0.0,0.0,0
372.16608,5.108,3,-5.26,0,367.107,142.146,4,Metallica,0.0,0.0,0
313.15546,0.281,10,-3.827,0,306.114,110.403,4,Metallica,0.0,0.0,0
253.70077,0.171,0,-6.277,0,245.835,73.551,4,The Black Keys,0.0,0.0,0
185.49506,4.981,0,-13.545,1,178.08,171.442,4,Johnny Cash,0.0,0.0,0
254.69342,0.154,3,-5.791,1,239.264,172.047,4,Céline Dion,0.0,0.0,0
206.88934,0.235,7,-5.243,1,203.372,135.007,4,U2,0.0,0.0,0
187.01016,0.274,8,-18.62,1,180.146,132.33,4,Ray Charles,0.0,0.0,0
226.95138,0.068,7,-4.817,0,213.328,125.319,5,Linkin Park,0.0,0.0,1
290.19383,3.924,3,-6.078,1,276.59,110.288,4,Bruce Springsteen,1.0,1.0,1
151.77098,0.2,9,-16.869,0,139.651,119.024,4,Johnny Cash,0.0,1.0,0
274.78159,5.921,11,-7.954,0,268.597,126.09,4,Daft Punk,0.0,0.0,0
91.95057,0.183,5,-14.432,0,89.693,119.102,4,Johnny Cash,0.0,0.0,1
238.00118,0.34,5,-4.923,1,230.417,126.497,4,Nickelback,0.0,0.0,0
283.8722,2.653,4,-7.359,0,267.14,181.701,3,Muse,0.0,0.0,0
296.80281,0.0,6,-7.266,0,283.823,126.195,4,Coldplay,0.0,0.0,1
213.02812,0.206,2,-6.413,1,204.626,156.097,4,Céline Dion,0.0,0.0,0
181.002,0.0,1,-5.883,1,175.938,89.602,4,Mariah Carey,0.0,1.0,0
99.47383,0.0,1,-14.136,1,95.028,167.083,1,Johnny Cash,0.0,0.0,0
231.78404,0.397,0,-12.983,0,205.775,107.798,4,Mariah Carey,0.0,1.0,1
254.77179,0.218,7,-4.733,1,242.678,86.791,5,Céline Dion,0.0,0.0,1
146.25914,0.218,7,-9.965,0,137.41,85.907,4,Johnny Cash,1.0,0.0,1
199.94077,0.583,7,-6.448,1,192.615,114.592,4,Weezer,0.0,0.0,1
246.62159,0.241,9,-9.646,1,233.076,126.17,4,Céline Dion,0.0,0.0,0
273.78893,3.088,10,-25.785,0,247.188,140.295,1,John Frizzell,0.0,0.0,0
152.16281,0.061,4,-8.946,1,142.42,172.176,4,Ray Charles,0.0,0.0,0
154.74893,0.299,10,-11.076,1,150.889,167.494,1,Johnny Cash,0.0,0.0,0
178.78159,0.392,8,-6.304,1,169.25,100.633,4,Ray Charles,1.0,1.0,0
137.09016,0.0,2,-12.517,1,132.818,97.301,3,Ray Charles,0.0,0.0,0
320.49587,0.396,4,-6.847,1,314.149,59.553,1,Eminem,0.0,0.0,1
298.4224,0.0,2,-11.47,1,287.161,83.507,4,Adam Sandler,0.0,0.0,0
234.70975,0.073,1,-4.675,0,223.782,120.032,4,Enrique Iglesias,0.0,0.0,0
273.47546,0.659,11,-7.804,0,258.084,139.81,4,Coldplay,0.0,0.0,1
365.45261,3.431,4,-7.405,0,348.741,148.288,4,Muse,0.0,0.0,1
175.5424,0.263,0,-15.369,1,164.931,122.834,4,Ray Charles,0.0,0.0,0
227.99628,6.856,1,-7.532,0,216.77,151.942,4,Coldplay,0.0,1.0,1
162.14159,0.634,0,-7.451,1,149.136,166.664,4,Michael Jackson,0.0,0.0,0
198.922,0.276,4,-9.395,1,186.625,130.609,3,Céline Dion,0.0,0.0,0
257.69751,6.908,11,-10.223,0,250.828,96.006,4,Eminem,0.0,0.0,0
253.6224,0.078,10,-6.963,1,240.321,123.019,4,Enrique Iglesias,0.0,0.0,1
232.28036,0.212,0,-13.236,1,221.124,101.627,4,Johnny Cash,0.0,0.0,0
73.32526,0.148,5,-6.957,1,67.408,117.983,4,Johnny Cash,0.0,0.0,0
255.9473,0.0,3,-3.855,1,248.128,107.452,4,Weezer,0.0,0.0,0
176.22159,1.559,0,-11.998,1,161.895,118.78,4,The Black Keys,0.0,0.0,0
362.37016,0.364,6,-4.03,0,352.653,124.918,5,Michael Jackson,0.0,1.0,1
231.18322,0.0,7,-10.059,1,225.779,78.936,4,Johnny Cash,0.0,0.0,1
108.35546,0.109,1,-12.085,1,103.178,93.671,4,Johnny Cash,0.0,0.0,0
229.22404,0.2,11,-9.391,0,214.471,124.968,4,Mariah Carey,0.0,0.0,0
224.39138,0.235,10,-6.485,0,215.423,127.96,4,Enrique Iglesias,0.0,0.0,1
56.5024,0.071,4,-4.541,1,56.502,136.3,4,Eminem,0.0,0.0,0
161.17506,0.369,10,-10.08,1,159.028,118.299,4,Brad Paisley,0.0,0.0,0
380.57751,0.328,10,-6.918,0,374.282,124.995,5,Enrique Iglesias,0.0,0.0,0
194.21995,0.369,2,-5.771,1,185.324,119.519,4,The Black Keys,0.0,0.0,0
266.34404,0.327,7,-10.343,1,251.275,95.844,4,Bruce Springsteen,0.0,0.0,0
159.4771,0.345,4,-9.499,1,155.028,122.977,4,Daft Punk,0.0,0.0,0
281.33832,0.0,11,-5.324,0,262.885,86.82,4,U2,0.0,0.0,0
158.04036,0.171,5,-13.397,0,148.271,83.717,1,Ray Charles,0.0,0.0,0
167.13098,0.0,9,-9.136,1,158.883,120.355,4,U2,0.0,0.0,0
248.842,2.525,1,-10.676,1,241.279,152.764,4,Michael Jackson,0.0,0.0,1
188.78649,0.178,1,-5.82,0,179.647,144.045,4,Weezer,0.0,0.0,0
214.96118,0.704,1,-6.387,0,208.44,93.865,4,Enrique Iglesias,0.0,0.0,0
288.05179,1.083,5,-7.333,0,275.528,111.115,4,Enrique Iglesias,0.0,0.0,0
135.70567,4.87,5,-17.329,1,127.449,154.839,4,Bruce Springsteen,0.0,0.0,0
203.49342,0.091,9,-10.812,1,191.176,183.11,4,Johnny Cash,0.0,0.0,0
202.26567,0.136,7,-7.658,0,202.266,126.5,4,Weezer,0.0,0.0,0
237.40036,0.0,5,-3.414,1,225.744,119.841,5,Eminem,0.0,0.0,0
240.5873,0.322,6,-4.694,0,227.172,135.045,4,Céline Dion,0.0,0.0,1
64.1824,0.102,1,-9.951,1,64.182,120.089,4,Mariah Carey,0.0,0.0,0
225.01832,0.275,4,-10.733,1,213.136,89.64,4,Michael Jackson,0.0,0.0,0
226.63791,3.175,4,-8.254,1,207.226,109.97,4,U2,1.0,0.0,1
207.01995,6.827,7,-4.866,1,198.502,158.012,4,Muse,0.0,0.0,0
223.86893,12.893,3,-13.208,0,218.523,151.605,7,Céline Dion,0.0,0.0,0
142.88934,0.287,10,-20.029,1,130.061,99.088,4,John Frizzell,0.0,0.0,0
236.64281,0.572,5,-12.172,1,225.669,120.168,4,Mannheim Steamroller,0.0,0.0,0
373.73342,18.895,7,-12.462,0,361.581,135.956,7,Michael Jackson,0.0,0.0,0
189.70077,0.136,10,-13.514,1,181.632,87.406,4,Michael Jackson,0.0,0.0,0
228.44036,0.0,4,-3.195,1,219.963,125.096,4,U2,0.0,0.0,0
286.92853,0.427,7,-5.83,1,276.898,121.131,4,Muse,0.0,0.0,0
198.53016,0.467,9,-8.049,1,194.589,179.978,4,Brad Paisley,0.0,0.0,0
217.70404,0.355,9,-13.07,1,207.174,149.499,3,Johnny Cash,0.0,0.0,0
219.37587,0.235,9,-7.834,0,207.453,122.01,3,Céline Dion,0.0,0.0,0
113.13587,0.235,9,-4.65,1,106.8,112.691,4,Weezer,0.0,0.0,0
339.43465,0.363,2,-8.569,1,330.17,133.983,4,The Black Keys,0.0,0.0,0
254.85016,0.151,6,-12.095,1,242.045,97.496,4,Brad Paisley,0.0,0.0,0
165.14567,2.572,11,-20.054,1,158.534,78.674,4,Muse,0.0,0.0,0
157.75302,0.253,2,-9.467,1,140.875,115.329,4,Johnny Cash,0.0,0.0,0
224.49587,0.115,9,-7.306,1,219.87,139.645,4,The Black Keys,0.0,0.0,0
219.16689,2.183,3,-7.902,0,207.557,134.102,4,Céline Dion,0.0,0.0,0
130.58567,0.0,1,-5.103,0,123.669,105.351,4,Johnny Cash,0.0,0.0,0
265.40363,0.0,11,-3.236,1,253.045,110.998,4,Eminem,0.0,0.0,1
241.81506,0.183,6,-7.414,1,229.97,165.887,1,Weezer,0.0,0.0,1
330.21342,0.438,0,-6.416,1,321.051,112.009,3,Enrique Iglesias,0.0,0.0,1
418.11546,2.252,7,-9.541,1,405.246,203.592,3,James Brown,0.0,0.0,0
34.58567,0.212,1,-18.118,1,30.859,171.093,5,Brad Paisley,0.0,0.0,0
84.94975,0.206,11,-4.714,1,80.504,74.956,3,Weezer,0.0,0.0,0
262.26893,0.2,9,-8.335,1,252.511,167.628,4,Johnny Cash,0.0,0.0,0
216.29342,0.0,7,-6.478,1,205.659,130.031,4,Mariah Carey,0.0,0.0,0
326.63465,0.0,6,-8.238,1,326.635,126.499,4,Daft Punk,0.0,0.0,1
393.29914,0.113,1,-4.121,1,373.777,103.145,4,Michael Jackson,0.0,1.0,1
267.17995,6.188,1,-8.572,1,247.345,103.022,1,Mariah Carey,0.0,0.0,0
283.03628,0.0,8,-2.801,1,269.839,114.399,4,Eminem,0.0,0.0,1
96.86159,2.426,0,-28.361,1,96.862,143.866,1,John Frizzell,0.0,0.0,0
155.79383,0.49,0,-12.384,1,152.567,157.385,4,Bruce Springsteen,0.0,0.0,0
192.44363,3.239,2,-11.288,0,184.697,116.603,4,Bruce Springsteen,0.0,0.0,1
223.42485,0.768,0,-10.51,0,205.009,139.107,3,Muse,0.0,0.0,0
184.00608,0.119,3,-10.106,1,180.332,134.005,3,Ray Charles,0.0,0.0,0
359.3922,0.409,7,-4.559,1,340.207,89.971,4,Eminem,0.0,0.0,1
262.68689,0.0,1,-6.526,1,259.251,113.982,4,Weezer,0.0,0.0,0
261.40689,0.154,4,-11.275,1,258.38,79.152,4,Coldplay,0.0,0.0,0
193.09669,0.165,8,-9.447,1,181.203,105.92,4,Michael Jackson,0.0,0.0,0
210.33751,0.0,0,-22.344,1,200.243,108.544,7,Bruce Springsteen,0.0,0.0,0
242.33751,0.0,11,-3.967,0,242.338,155.223,4,The Rolling Stones,0.0,1.0,1
199.23546,2.531,3,-21.72,1,190.897,93.499,1,John Frizzell,0.0,0.0,0
316.65587,0.0,7,-12.049,1,303.996,132.691,4,U2,0.0,1.0,1
170.10893,5.683,8,-12.881,1,157.896,77.995,5,Michael Jackson,0.0,0.0,0
227.52608,0.229,4,-5.647,1,227.526,121.759,4,Muse,0.0,0.0,0
134.45179,0.23,10,-11.151,1,128.174,181.556,3,Johnny Cash,0.0,0.0,0
260.85832,0.194,10,-8.896,1,253.063,60.363,4,Mariah Carey,0.0,0.0,0
480.62649,0.154,1,-5.896,1,474.465,124.05,4,Michael Jackson,0.0,0.0,0
245.2371,0.067,1,-5.379,0,227.178,139.973,4,Enrique Iglesias,0.0,0.0,0
29.80526,0.088,11,-18.977,1,29.805,103.508,3,Eminem,0.0,0.0,0
124.23791,0.0,5,-9.014,1,112.512,164.744,4,Johnny Cash,0.0,0.0,0
300.30322,0.16,11,-5.796,0,289.187,116.854,3,U2,0.0,0.0,0
228.93669,2.223,3,-3.948,0,213.989,124.109,4,Enrique Iglesias,0.0,0.0,0
249.23383,3.019,8,-10.207,1,233.198,115.328,5,Coldplay,0.0,0.0,1
203.36281,0.437,1,-11.345,1,192.911,85.796,1,Michael Jackson,0.0,1.0,0
196.44036,0.207,0,-10.84,1,190.258,104.593,1,The Rolling Stones,0.0,1.0,1
173.29587,6.856,9,-5.45,1,155.347,123.854,4,Weezer,0.0,0.0,0
120.63302,0.218,2,-6.113,1,120.633,93.192,4,Weezer,0.0,0.0,0
53.2371,3.135,9,-19.622,0,53.237,108.069,4,Brad Paisley,0.0,0.0,0
212.00934,0.073,6,-6.909,0,212.009,77.122,4,Eminem,0.0,0.0,1
147.27791,0.183,0,-12.276,1,139.558,123.472,3,Ray Charles,0.0,0.0,0
184.76363,1.066,9,-11.887,1,178.393,139.204,4,Bruce Springsteen,0.0,0.0,0
120.18893,2.461,0,-21.434,1,108.292,117.335,3,John Frizzell,0.0,0.0,0
127.50322,0.124,2,-11.448,0,124.116,86.694,4,Michael Jackson,0.0,1.0,1
174.41914,0.403,4,-18.092,0,167.549,106.199,7,Ray Charles,0.0,0.0,0
463.98649,0.293,4,-9.005,0,459.894,187.444,4,Metallica,0.0,0.0,0
599.24853,0.067,5,-10.102,0,584.818,126.852,4,Daft Punk,0.0,0.0,1
143.22893,3.065,10,-12.452,1,132.11,122.287,4,Johnny Cash,0.0,0.0,0
308.11383,0.0,2,-8.124,1,303.891,107.86,4,Mariah Carey,0.0,1.0,0
180.21832,0.0,5,-23.056,1,173.929,69.435,3,Johnny Cash,0.0,0.0,0
179.87873,0.181,0,-5.494,1,171.984,141.842,4,U2,0.0,1.0,1
387.26485,3.425,0,-4.186,0,384.83,112.946,4,Michael Jackson,0.0,0.0,0
208.5873,0.978,6,-5.292,0,195.953,125.997,4,Enrique Iglesias,0.0,1.0,1
302.0273,3.204,0,-6.575,1,297.5,162.609,4,Muse,0.0,0.0,0
316.00281,0.152,10,-3.938,1,309.156,88.429,4,Eminem,0.0,0.0,1
309.36771,4.139,7,-9.659,1,291.463,120.335,4,U2,0.0,1.0,0
247.24853,3.541,5,-11.471,0,242.347,77.63,4,Michael Jackson,0.0,1.0,0
278.56934,0.166,2,-11.721,1,270.994,102.281,4,U2,0.0,0.0,1
197.45914,0.166,10,-9.073,1,192.737,81.55,4,Céline Dion,0.0,0.0,0
158.53669,0.0,9,-8.444,1,147.458,128.565,1,Weezer,0.0,0.0,0
291.65669,0.253,7,-12.083,1,286.621,121.466,4,Muse,0.0,0.0,0
233.74322,0.218,9,-6.444,0,225.361,92.994,4,Muse,0.0,0.0,1
253.93587,4.336,10,-11.606,0,240.327,137.843,4,Mariah Carey,0.0,0.0,0
189.90975,0.0,0,-4.005,1,183.391,135.141,4,Weezer,0.0,0.0,0
235.17995,0.299,6,-6.537,0,230.278,114.986,4,Enrique Iglesias,0.0,0.0,0
219.89832,2.862,1,-7.686,0,209.345,91.005,4,Céline Dion,0.0,0.0,0
240.48281,0.0,5,-6.83,0,236.559,120.096,4,Mariah Carey,0.0,0.0,0
126.48444,3.75,1,-11.827,1,120.57,103.797,4,Johnny Cash,0.0,1.0,0
268.59057,0.106,1,-9.883,1,255.269,100.326,4,Michael Jackson,0.0,0.0,1
40.48934,0.322,8,-12.4,1,40.489,38.124,1,John Frizzell,0.0,0.0,0
214.93506,0.316,0,-6.359,1,209.223,126.533,1,The Rolling Stones,0.0,0.0,0
215.17016,0.12,9,-7.028,1,215.17,140.009,4,Muse,0.0,0.0,0
184.99873,0.88,2,-26.535,1,176.634,116.894,5,Bruce Springsteen,0.0,0.0,0
179.74812,0.373,2,-8.1,1,168.165,145.56,4,Michael Jackson,0.0,0.0,0
244.24444,0.0,0,-5.042,1,237.389,120.11,4,Muse,0.0,0.0,0
237.03465,0.314,9,-11.439,1,225.872,139.411,4,Muse,0.0,0.0,1
210.25914,0.194,2,-9.273,0,205.189,92.996,4,Muse,0.0,0.0,0
223.18975,0.088,0,-7.345,1,212.439,123.786,4,Brad Paisley,0.0,1.0,0
119.84934,0.177,0,-4.45,1,111.949,175.356,1,Weezer,0.0,0.0,0
242.88608,0.0,6,-6.422,0,239.479,191.403,4,Metallica,0.0,0.0,1
172.09424,0.177,3,-5.604,0,167.149,177.079,4,The Black Keys,0.0,0.0,0
179.33016,0.386,2,-8.877,1,173.732,129.18,4,James Brown,0.0,0.0,0
214.88281,0.239,11,-7.377,1,204.759,146.999,4,Mariah Carey,0.0,0.0,0
166.81751,0.202,10,-10.946,1,155.603,158.971,1,The Rolling Stones,0.0,0.0,0
83.9571,0.531,1,-22.58,1,75.465,107.898,4,John Frizzell,0.0,0.0,0
234.47465,0.0,5,-7.578,1,222.9,152.755,4,Brad Paisley,0.0,0.0,0
143.96036,0.449,8,-10.046,1,140.806,81.178,4,Ray Charles,0.0,0.0,0
189.43955,0.139,11,-4.953,1,183.333,80.476,4,The Black Keys,0.0,0.0,1
257.67138,5.294,2,-21.692,1,235.375,94.353,4,U2,0.0,0.0,1
457.06404,0.365,6,-6.902,0,447.147,124.48,4,Michael Jackson,0.0,1.0,1
242.54649,0.345,11,-3.667,0,238.161,130.013,1,Mariah Carey,0.0,1.0,1
249.12934,2.873,7,-2.892,1,236.582,93.039,4,Muse,0.0,0.0,1
318.6673,3.483,5,-8.009,0,309.249,85.451,4,Coldplay,0.0,0.0,1
396.40771,8.017,8,-4.682,0,388.882,132.633,4,Metallica,0.0,1.0,1
160.83546,0.46,7,-7.356,1,154.43,91.624,4,Johnny Cash,0.0,0.0,0
34.0371,0.38,5,-11.893,0,31.126,88.737,3,Eminem,0.0,0.0,0
241.55383,0.187,8,-14.931,1,233.488,78.097,7,Johnny Cash,0.0,0.0,0
270.86322,3.715,7,-7.161,1,252.012,162.04,4,Enrique Iglesias,0.0,0.0,0
61.30893,0.357,9,-23.926,0,61.309,66.247,4,John Frizzell,0.0,0.0,0
253.46567,0.096,7,-7.089,1,242.109,125.666,4,Brad Paisley,0.0,0.0,0
120.94649,2.798,8,-21.369,1,100.13,74.531,3,John Frizzell,0.0,0.0,0
414.95465,0.13,7,-4.911,1,411.144,161.609,4,Muse,0.0,0.0,1
114.23302,0.42,1,-26.78,1,106.324,175.406,3,John Frizzell,0.0,0.0,0
251.84608,0.0,6,-10.554,0,251.846,66.135,1,Céline Dion,0.0,0.0,0
201.482,2.868,8,-12.224,1,193.155,86.425,3,The Black Keys,0.0,0.0,0
243.74812,0.142,6,-6.73,1,238.254,120.013,4,Mariah Carey,0.0,0.0,0
181.34159,0.0,8,-1.645,0,178.445,98.002,4,Eminem,0.0,1.0,1
167.78404,0.0,5,-8.571,1,160.27,152.973,4,Michael Jackson,0.0,0.0,0
152.29342,0.165,9,-3.892,1,149.873,129.957,4,The Black Keys,0.0,0.0,0
142.44526,0.229,2,-11.649,1,132.928,100.694,3,Weezer,0.0,0.0,0
181.28934,0.0,5,-4.572,1,178.173,144.97,3,Nickelback,0.0,0.0,0
262.50404,0.0,3,-5.95,1,249.162,85.31,4,Weezer,0.0,0.0,0
206.15791,0.16,8,-10.67,0,182.172,109.675,4,Daft Punk,0.0,0.0,1
287.68608,0.0,2,-6.666,1,285.106,111.996,4,Daft Punk,0.0,0.0,1
139.51955,0.322,9,-4.279,1,136.887,120.227,4,The Black Keys,0.0,0.0,1
239.28118,0.34,3,-6.03,0,231.874,99.901,4,Céline Dion,0.0,0.0,1
220.73424,0.491,2,-3.607,1,209.92,160.088,4,Muse,0.0,0.0,0
227.99628,0.0,5,-9.895,0,222.203,94.014,4,Nickelback,0.0,1.0,1
304.40444,0.578,2,-11.422,0,292.322,146.349,4,Brad Paisley,0.0,0.0,0
284.81261,0.148,4,-13.652,1,272.08,96.776,4,Coldplay,0.0,0.0,0
202.34404,0.45,6,-9.756,0,193.817,128.954,4,Céline Dion,0.0,0.0,0
234.03057,0.102,0,-9.066,1,234.031,103.009,4,Céline Dion,0.0,0.0,0
204.2771,1.501,1,-6.143,1,196.563,88.048,4,Céline Dion,0.0,0.0,1
219.34975,0.165,2,-6.995,1,215.162,93.377,3,Muse,0.0,0.0,0
216.42404,2.13,4,-13.976,0,206.46,137.279,4,Mariah Carey,0.0,0.0,0
206.31465,0.2,9,-12.134,1,199.158,90.143,3,Mannheim Steamroller,0.0,0.0,0
243.51302,0.444,5,-11.434,1,243.513,105.021,4,Céline Dion,0.0,0.0,0
279.43138,0.142,1,-2.97,1,266.977,90.054,4,Michael Jackson,0.0,1.0,1
189.962,0.0,5,-4.155,1,185.429,107.999,4,The Black Keys,0.0,0.0,0
269.34812,2.81,9,-6.294,1,259.535,136.82,4,Coldplay,0.0,0.0,0
206.44526,0.0,0,-4.806,1,197.88,111.532,4,The Rolling Stones,0.0,0.0,1
222.74567,0.227,6,-12.009,0,209.856,126.588,1,The Rolling Stones,0.0,0.0,1
142.23628,0.0,9,-14.05,0,133.596,94.838,4,U2,0.0,0.0,0
361.66485,2.908,5,-7.124,1,351.208,141.199,4,Bruce Springsteen,0.0,0.0,0
301.19138,2.606,5,-7.488,0,288.729,95.929,4,Mariah Carey,0.0,1.0,1
295.67955,5.671,9,-6.473,0,271.209,137.008,3,Coldplay,0.0,0.0,0
182.7522,0.148,4,-9.051,0,162.969,207.589,4,Michael Jackson,0.0,1.0,0
202.03057,0.223,0,-7.68,1,189.841,139.988,4,Mariah Carey,1.0,1.0,1
164.93669,0.351,4,-13.371,0,160.734,101.721,4,The Rolling Stones,0.0,0.0,1
185.93914,0.583,0,-5.21,1,180.309,165.331,4,Muse,0.0,0.0,0
165.14567,0.38,9,-18.868,1,158.569,83.981,4,Johnny Cash,0.0,0.0,0
251.55873,0.206,4,-8.929,1,246.161,126.219,4,Eminem,1.0,1.0,1
94.04036,0.189,11,-16.876,0,83.464,76.937,5,Brad Paisley,0.0,0.0,0
75.93751,0.37,1,-17.346,1,69.991,147.692,1,John Frizzell,0.0,0.0,0
188.15955,0.206,0,-13.001,1,183.339,102.141,3,Ray Charles,0.0,0.0,0
217.62567,0.0,0,-4.278,0,207.163,164.025,4,Nickelback,0.0,1.0,1
340.03546,0.0,5,-10.412,1,324.894,137.997,4,Daft Punk,0.0,0.0,0
343.32689,2.943,4,-16.357,1,330.867,148.126,4,Coldplay,0.0,0.0,0
176.69179,0.0,9,-4.389,1,167.985,102.578,4,Weezer,0.0,0.0,0
212.29669,0.177,5,-7.849,1,200.104,115.79,1,The Rolling Stones,0.0,1.0,0
263.8624,0.159,7,-7.178,1,261.143,87.977,4,Céline Dion,0.0,0.0,0
110.86322,0.294,0,-10.936,1,102.992,117.507,4,John Frizzell,0.0,0.0,0
240.27383,0.218,11,-8.71,0,230.545,119.403,4,Céline Dion,0.0,0.0,1
222.53669,0.08,11,-5.999,1,217.333,151.132,3,Johnny Cash,0.0,0.0,0
281.02485,4.574,1,-5.359,0,270.153,100.844,4,Muse,0.0,0.0,1
179.22567,0.165,3,-12.63,1,164.333,196.521,7,Michael Jackson,0.0,0.0,0
10.60526,0.125,0,-21.695,1,10.605,216.808,4,Brad Paisley,0.0,0.0,0
231.23546,0.0,4,-7.101,0,217.316,147.246,4,Weezer,0.0,0.0,0
105.61261,3.059,5,-27.362,0,95.84,126.039,5,John Frizzell,0.0,0.0,0
171.85914,0.424,0,-9.758,1,156.99,124.698,1,Michael Jackson,0.0,0.0,0
319.81669,0.0,4,-3.072,0,301.459,101.951,3,Eminem,0.0,0.0,1
645.17179,0.137,7,-8.273,1,636.877,127.951,4,Mariah Carey,0.0,1.0,1
153.49506,0.116,5,-23.272,0,150.198,54.981,1,Ray Charles,0.0,0.0,0
286.30159,0.183,7,-8.204,1,276.683,109.253,1,Mariah Carey,0.0,0.0,0
260.15302,3.32,7,-8.359,1,251.089,90.333,3,The Black Keys,0.0,0.0,0
215.48363,0.398,9,-11.038,1,207.273,93.847,4,Brad Paisley,0.0,0.0,0
198.79138,0.939,7,-8.038,0,179.926,109.627,3,Muse,0.0,0.0,1
203.31057,0.441,8,-8.533,1,194.444,113.662,4,Michael Jackson,0.0,0.0,0
329.45587,0.0,2,-12.472,1,329.456,125.151,4,Daft Punk,0.0,0.0,1
167.88853,0.658,9,-13.257,1,161.634,45.254,4,Ray Charles,0.0,0.0,0
289.38404,0.874,11,-3.573,1,276.085,117.362,4,Michael Jackson,0.0,0.0,1
400.5873,7.889,11,-8.765,0,396.08,188.344,4,Metallica,0.0,0.0,1
185.23383,0.0,9,-13.343,1,180.576,166.476,3,Johnny Cash,0.0,0.0,0
345.52118,0.0,5,-4.773,0,345.521,197.704,3,Metallica,0.0,0.0,0
320.83546,0.276,7,-3.398,0,306.085,161.936,4,Eminem,0.0,0.0,0
192.522,0.154,8,-9.233,1,181.568,107.347,5,Michael Jackson,0.0,0.0,0
212.4273,2.252,5,-7.169,0,200.893,103.805,4,Michael Jackson,0.0,0.0,0
165.92934,0.275,0,-19.532,1,157.954,120.763,4,Johnny Cash,0.0,0.0,0
470.04689,0.323,4,-6.029,1,465.421,105.194,1,Metallica,0.0,0.0,0
210.36363,0.212,0,-9.383,1,204.51,83.766,4,The Black Keys,0.0,0.0,0
230.79138,0.091,5,-4.018,1,209.02,115.04,4,Enrique Iglesias,0.0,0.0,0
228.77995,0.235,9,-6.803,1,218.761,217.27,4,Coldplay,1.0,0.0,1
227.16036,2.775,1,-7.438,0,222.354,164.874,4,Eminem,0.0,0.0,1
321.56689,8.022,1,-5.241,1,312.32,156.405,4,Metallica,1.0,0.0,0
301.73995,0.084,9,-8.34,1,296.397,153.727,4,Muse,0.0,0.0,1
207.46404,0.16,11,-5.52,0,195.17,162.864,1,Nickelback,0.0,1.0,1
284.39465,0.0,1,-9.665,1,276.886,116.874,4,Coldplay,0.0,0.0,1
252.26404,0.092,11,-11.598,1,242.887,89.81,3,Mariah Carey,0.0,0.0,0
421.53751,5.306,3,-4.016,1,415.945,136.193,4,Metallica,0.0,1.0,1
316.44689,0.0,9,-6.275,0,291.637,122.654,5,Eminem,0.0,0.0,1
293.77261,0.0,9,-6.231,0,279.522,97.991,4,The Rolling Stones,0.0,0.0,0
357.58975,0.0,7,-12.159,1,347.109,127.759,4,Bruce Springsteen,0.0,0.0,0
100.91057,0.461,1,-15.792,0,97.036,212.037,4,Johnny Cash,0.0,0.0,0
191.42485,4.679,6,-20.314,0,186.538,120.23,1,Bruce Springsteen,0.0,0.0,0
183.64036,6.2,1,-3.578,1,177.435,233.384,4,Metallica,0.0,0.0,0
191.00689,0.194,10,-8.764,0,177.9,107.972,4,Coldplay,0.0,0.0,0
250.25261,0.0,8,-6.169,1,245.725,112.371,3,Weezer,0.0,0.0,1
234.00444,0.194,1,-6.079,1,229.436,100.699,4,Mariah Carey,0.0,1.0,1
155.03628,0.389,4,-16.206,1,150.326,128.273,3,Ray Charles,0.0,0.0,0
155.01016,5.114,0,-11.064,1,149.496,156.236,1,Johnny Cash,0.0,0.0,1
229.58975,0.0,7,-7.414,1,218.506,104.614,4,Brad Paisley,0.0,0.0,0
436.21832,0.113,0,-6.821,0,431.56,128.994,4,Enrique Iglesias,0.0,0.0,1
409.80853,8.214,3,-7.944,0,403.284,144.346,3,Metallica,0.0,1.0,1
196.91057,0.177,9,-4.387,1,188.697,115.367,4,The Black Keys,0.0,0.0,0
219.32363,0.0,1,-5.223,1,196.981,105.139,4,Eminem,0.0,0.0,0
201.24689,0.177,7,-6.692,0,198.269,96.402,4,Enrique Iglesias,0.0,0.0,0
33.82812,0.0,0,-23.852,0,31.121,116.319,5,Brad Paisley,0.0,0.0,0
201.74322,4.476,11,-12.359,1,189.974,73.399,3,Michael Jackson,0.0,0.0,1
197.48526,4.243,2,-7.013,1,192.488,198.988,4,Muse,0.0,0.0,0
202.94485,0.176,9,-8.584,1,202.945,141.55,4,Brad Paisley,0.0,1.0,0
181.75955,0.338,6,-13.872,1,173.83,81.641,4,Ray Charles,0.0,0.0,0
203.44118,0.265,0,-12.317,0,188.372,112.648,3,Michael Jackson,0.0,0.0,0
219.45424,0.14,1,-6.504,0,208.422,121.984,4,Enrique Iglesias,0.0,1.0,1
270.0273,0.0,1,-4.059,0,270.027,124.815,4,Metallica,0.0,1.0,1
226.06322,0.113,0,-13.61,1,216.671,141.411,4,Ray Charles,0.0,0.0,0
269.76608,1.193,7,-17.831,1,256.435,115.757,1,Mannheim Steamroller,0.0,0.0,0
233.87383,0.27,4,-4.536,0,226.29,90.015,4,Céline Dion,0.0,0.0,0
214.12526,0.0,1,-3.182,1,208.12,184.045,4,Eminem,0.0,0.0,1
301.60934,3.402,8,-4.431,1,291.074,138.168,4,Michael Jackson,0.0,0.0,1
89.91302,2.932,0,-30.912,0,81.328,108.33,4,John Frizzell,0.0,0.0,0
210.93832,0.403,0,-6.174,0,206.663,109.898,4,Céline Dion,0.0,0.0,0
337.76281,2.397,5,-11.923,0,327.465,129.357,4,James Brown,0.0,0.0,0
1400.2673,0.253,2,-8.08,1,1389.592,0.0,0,The Black Keys,0.0,0.0,0
148.6624,0.0,5,-9.83,1,138.42,135.058,1,Coldplay,0.0,0.0,0
323.73506,0.46,11,-3.564,0,310.155,84.904,4,Eminem,0.0,0.0,1
238.73261,0.489,2,-4.863,1,225.71,127.282,7,Michael Jackson,0.0,1.0,1
326.21669,0.187,0,-24.283,1,304.959,89.475,1,Mannheim Steamroller,0.0,0.0,0
306.46812,2.694,10,-4.546,0,303.705,157.769,4,Metallica,0.0,0.0,0
453.92934,0.491,0,-7.038,1,450.606,134.905,3,Daft Punk,0.0,0.0,0
98.82077,0.247,10,-14.174,1,88.027,78.416,7,John Frizzell,0.0,0.0,0
290.92526,0.0,11,-6.223,1,276.968,141.573,3,Brad Paisley,0.0,1.0,1
272.48281,3.024,6,-5.258,1,262.96,126.339,4,Weezer,0.0,0.0,0
426.55302,0.0,6,-6.584,1,418.023,161.755,7,Coldplay,0.0,0.0,0
264.202,0.0,7,-6.633,1,256.627,101.32,5,Enrique Iglesias,0.0,1.0,1
319.81669,0.0,1,-2.773,1,313.783,90.165,4,Eminem,0.0,0.0,1
421.40689,0.0,5,-8.581,1,413.919,154.095,1,Bruce Springsteen,0.0,0.0,1
55.11791,0.131,6,-18.982,0,55.118,108.133,4,Brad Paisley,0.0,0.0,0
158.64118,0.0,4,-5.211,1,144.695,156.471,4,Weezer,0.0,0.0,0
162.01098,0.376,7,-11.271,1,145.943,125.59,4,James Brown,0.0,0.0,0
128.26077,0.165,3,-3.753,1,119.327,140.334,4,Weezer,0.0,0.0,1
314.3571,0.247,0,-5.99,1,281.449,94.952,4,Brad Paisley,1.0,0.0,0
275.85261,0.078,9,-9.374,0,265.346,63.252,4,The Black Keys,0.0,0.0,0
250.06975,3.68,1,-8.157,1,234.562,88.013,3,Mariah Carey,0.0,1.0,1
205.11302,0.177,3,-7.366,1,198.182,84.525,1,Weezer,0.0,0.0,1
185.33832,2.746,7,-11.07,1,178.289,133.226,1,Bruce Springsteen,0.0,0.0,0
242.88608,0.0,1,-0.558,1,242.886,167.262,4,Eminem,0.0,0.0,1
236.01587,0.0,5,-7.206,0,219.289,120.041,4,Mariah Carey,0.0,0.0,0
323.49995,3.251,11,-6.776,0,312.186,102.126,4,Eminem,0.0,0.0,1
185.88689,0.194,10,-8.87,1,179.316,76.218,4,Ray Charles,0.0,0.0,0
203.67628,3.437,3,-22.94,1,199.854,91.721,4,John Frizzell,0.0,0.0,0
265.35138,0.479,9,-7.137,1,257.306,137.588,4,Enrique Iglesias,0.0,0.0,1
670.35383,0.2,10,-3.995,0,663.348,92.467,3,Metallica,0.0,0.0,0
206.07955,0.145,7,-13.513,1,201.271,199.139,1,The Rolling Stones,0.0,0.0,0
226.87302,3.17,7,-7.122,1,221.495,125.139,4,U2,0.0,0.0,0
261.82485,0.461,10,-4.372,1,254.456,135.976,4,Mariah Carey,0.0,1.0,1
246.90893,0.0,4,-10.049,1,238.614,105.364,4,Brad Paisley,0.0,0.0,0
207.77751,0.0,6,-4.783,0,195.152,125.866,4,Enrique Iglesias,0.0,0.0,1
164.67546,0.357,11,-7.635,1,164.675,141.654,5,Muse,0.0,0.0,0
157.90975,0.113,8,-8.956,0,150.616,110.365,4,The Rolling Stones,0.0,0.0,0
265.79546,0.137,4,-4.936,0,252.163,151.952,4,Enrique Iglesias,0.0,0.0,0
256.86159,0.0,10,-7.243,0,256.862,101.982,4,Céline Dion,0.0,0.0,1
190.98077,0.363,2,-4.642,1,187.205,140.1,4,U2,1.0,1.0,1
337.00526,1.072,6,-28.224,1,319.936,104.669,3,Bruce Springsteen,0.0,0.0,0
306.05016,0.125,10,-5.156,1,291.515,77.169,4,Eminem,0.0,0.0,0
219.42812,0.16,0,-9.692,1,207.105,104.224,4,The Rolling Stones,0.0,0.0,0
190.74567,2.183,9,-8.758,1,181.777,64.54,4,Céline Dion,0.0,0.0,0
165.35465,0.583,2,-17.892,1,149.914,85.09,4,John Frizzell,0.0,0.0,0
191.39873,8.359,10,-14.921,1,175.769,137.185,3,Bruce Springsteen,0.0,0.0,0
272.29995,2.101,9,-7.475,1,264.034,101.696,4,Mariah Carey,0.0,0.0,0
598.72608,3.971,6,-13.329,0,588.016,110.236,4,Bruce Springsteen,0.0,0.0,0
253.25669,0.0,7,-5.815,1,239.404,123.996,4,Enrique Iglesias,0.0,0.0,0
267.28444,0.102,11,-6.402,0,262.118,126.035,4,U2,0.0,0.0,0
137.45587,0.415,11,-16.308,0,126.462,74.018,7,Adam Sandler,0.0,0.0,0
182.96118,0.357,4,-3.511,0,178.126,119.292,4,The Black Keys,0.0,0.0,0
91.58485,3.489,10,-16.925,0,82.239,71.024,4,John Frizzell,0.0,0.0,0
98.84689,0.0,1,-28.882,1,89.199,180.179,4,John Frizzell,0.0,0.0,0
201.50812,0.293,2,-5.016,1,201.508,78.865,3,Muse,0.0,0.0,0
314.53995,0.0,9,-5.162,1,306.892,118.548,4,Michael Jackson,1.0,1.0,1
108.06812,0.299,6,-10.407,1,103.671,88.104,4,Johnny Cash,0.0,0.0,0
244.6624,3.622,10,-9.322,1,233.871,123.851,4,Bruce Springsteen,0.0,0.0,0
125.07383,0.223,2,-18.562,1,116.616,56.761,7,Ray Charles,0.0,0.0,0
204.2771,0.165,4,-7.846,1,195.257,97.595,4,Céline Dion,0.0,0.0,0
160.60036,0.569,0,-19.908,0,145.949,67.328,5,John Frizzell,0.0,0.0,0
223.84281,2.606,2,-8.744,1,214.442,117.501,3,Michael Jackson,0.0,1.0,0
241.42322,0.0,0,-5.596,0,224.891,120.037,4,Enrique Iglesias,0.0,0.0,1
270.78485,0.0,8,-8.09,0,264.783,133.326,1,U2,0.0,1.0,1
199.52281,0.303,0,-14.39,1,194.241,93.471,4,John Frizzell,0.0,0.0,0
333.66159,3.471,11,-8.348,1,313.673,123.68,4,Metallica,0.0,1.0,1
297.97832,0.113,7,-4.251,1,294.893,127.914,4,Mariah Carey,0.0,0.0,0
222.64118,0.265,11,-7.753,1,212.277,187.383,7,Michael Jackson,0.0,1.0,0
215.61424,0.185,3,-7.757,1,208.823,133.864,4,Bruce Springsteen,0.0,0.0,0
258.35057,0.0,6,-4.95,1,251.995,99.164,4,Weezer,0.0,0.0,1
206.88934,0.444,8,-4.399,1,193.736,175.985,4,Weezer,0.0,1.0,1
197.48526,0.154,0,-7.928,1,185.446,124.426,4,Michael Jackson,0.0,0.0,0
217.33832,0.351,6,-12.564,1,204.527,58.616,4,Céline Dion,0.0,0.0,0
128.49587,0.241,8,-29.317,1,128.496,152.188,7,Johnny Cash,0.0,0.0,0
213.36771,0.485,11,-7.497,1,201.021,135.593,4,Enrique Iglesias,0.0,0.0,0
159.16363,0.146,8,-16.798,0,145.113,70.227,5,Céline Dion,0.0,0.0,0
252.73424,0.0,11,-4.133,1,234.963,90.48,4,Eminem,0.0,0.0,1
161.98485,0.31,5,-6.059,1,156.299,128.764,4,Weezer,0.0,0.0,0
75.28444,2.955,7,-34.016,1,67.14,152.69,3,Céline Dion,0.0,0.0,0
234.89261,0.0,4,-7.871,0,208.689,87.082,4,Coldplay,0.0,0.0,1
81.60608,0.287,0,-12.098,1,74.704,94.96,4,John Frizzell,0.0,0.0,0
245.002,0.148,5,-8.93,1,227.364,100.074,4,Michael Jackson,0.0,0.0,0
246.59546,0.0,10,-5.539,0,244.187,102.028,4,Eminem,0.0,0.0,1
164.49261,0.543,8,-10.396,0,158.517,153.2,4,Ray Charles,0.0,0.0,0
211.12118,0.103,0,-4.037,0,207.18,100.279,4,Muse,0.0,0.0,1
326.00771,2.432,0,-3.358,0,323.628,96.239,4,Metallica,0.0,0.0,1
139.83302,0.794,6,-17.208,1,135.401,81.7,4,Ray Charles,0.0,0.0,0
466.54649,0.09,4,-3.974,0,454.275,121.405,4,Metallica,0.0,0.0,1
266.39628,4.354,4,-7.727,1,254.81,123.685,3,Brad Paisley,0.0,0.0,0
260.20526,0.0,0,-14.926,1,240.466,148.45,1,The Rolling Stones,0.0,0.0,0
277.55057,3.936,1,-12.859,1,262.31,201.144,4,U2,0.0,1.0,1
231.70567,0.107,9,-9.512,0,213.066,117.394,4,Mariah Carey,0.0,0.0,0
84.89751,0.223,6,-14.704,0,76.388,149.911,3,John Frizzell,0.0,0.0,0
161.27955,0.0,0,-7.192,0,158.54,69.959,4,James Brown,0.0,0.0,0
138.94485,3.802,0,-19.464,1,127.791,56.24,1,John Frizzell,0.0,0.0,0
181.49832,0.0,11,-5.5,0,171.694,132.971,4,Weezer,0.0,0.0,0
259.86567,0.421,0,-8.658,1,243.978,100.024,4,Linkin Park,0.0,0.0,1
179.66975,0.0,7,-5.461,1,172.182,103.954,3,Weezer,0.0,0.0,0
215.30077,0.305,0,-5.871,1,208.161,123.982,4,Enrique Iglesias,0.0,0.0,0
185.25995,0.0,6,-6.059,0,181.261,87.989,1,Mariah Carey,0.0,0.0,0
226.35057,0.363,2,-5.968,1,222.854,142.234,4,The Black Keys,0.0,0.0,1
256.522,0.392,0,-9.575,0,244.524,154.5,4,Coldplay,0.0,0.0,1
269.7922,7.332,8,-5.98,1,253.968,153.52,3,Enrique Iglesias,0.0,0.0,0
253.3873,30.674,2,-19.939,1,238.736,118.608,4,U2,0.0,0.0,0
245.31546,0.282,6,-3.873,1,233.21,126.906,1,Metallica,0.0,0.0,0
206.44526,0.0,6,-8.29,1,194.682,107.078,4,Weezer,0.0,0.0,0
158.01424,0.137,1,-18.81,1,150.622,80.172,5,Ray Charles,0.0,0.0,0
165.56363,0.0,5,-4.157,1,165.564,141.784,4,Nickelback,0.0,0.0,0
202.84036,3.361,9,-4.003,1,185.551,140.21,4,Bruce Springsteen,1.0,0.0,1
308.87138,0.079,2,-6.324,1,295.01,95.9,4,U2,1.0,1.0,1
194.29832,0.409,6,-10.057,1,186.787,98.05,4,Brad Paisley,0.0,0.0,1
169.03791,0.223,9,-5.247,1,169.038,119.814,1,The Black Keys,0.0,0.0,0
261.35465,0.34,2,-6.046,1,245.626,117.944,4,Enrique Iglesias,0.0,0.0,0
181.78567,0.0,8,-4.218,1,172.582,101.51,3,Weezer,0.0,0.0,0
146.25914,0.206,5,-6.012,1,135.529,105.579,4,Muse,0.0,0.0,0
258.63791,0.0,9,-3.597,0,235.334,118.043,3,Eminem,0.0,0.0,0
526.8371,3.855,1,-6.533,1,519.68,126.281,4,U2,0.0,0.0,0
288.31302,0.576,4,-11.772,0,263.825,154.972,4,U2,0.0,0.0,0
196.25751,0.328,0,-8.117,1,188.302,102.789,4,Johnny Cash,0.0,0.0,0
343.27465,0.0,5,-7.084,1,332.138,128.182,4,Bruce Springsteen,0.0,0.0,0
230.24281,0.27,9,-15.229,0,220.311,152.509,3,Céline Dion,0.0,0.0,0
255.60771,0.0,7,-5.444,1,252.256,141.709,4,Brad Paisley,0.0,0.0,0
238.44526,3.245,6,-7.614,1,222.981,142.026,4,Weezer,0.0,0.0,0
261.61587,2.096,4,-5.642,1,244.547,139.964,4,Enrique Iglesias,0.0,0.0,0
258.92526,0.0,1,-3.442,0,253.446,125.829,4,Metallica,0.0,0.0,1
219.8722,0.0,1,-1.794,1,219.872,109.5,4,Michael Jackson,0.0,0.0,0
449.54077,0.0,0,-7.303,1,449.541,116.052,4,Bruce Springsteen,0.0,0.0,1
249.33832,0.0,6,-15.649,1,242.335,142.751,4,Céline Dion,0.0,0.0,0
192.33914,0.0,1,-12.67,1,192.339,125.965,1,Johnny Cash,0.0,0.0,1
109.50485,0.339,4,-21.831,0,103.84,239.048,4,John Frizzell,0.0,0.0,0
248.16281,2.531,1,-6.109,1,248.163,128.038,5,Eminem,0.0,0.0,1
266.23955,0.0,11,-8.29,1,258.217,127.452,4,Enrique Iglesias,0.0,0.0,1
295.65342,2.316,2,-9.776,0,285.002,78.738,4,Michael Jackson,0.0,0.0,0
297.01179,0.0,2,-4.758,0,287.759,128.198,4,Muse,0.0,0.0,1
323.63057,2.873,8,-1.867,1,315.594,164.062,4,Eminem,0.0,0.0,0
288.62649,0.171,5,-8.998,1,276.387,93.715,3,Bruce Springsteen,0.0,0.0,1
75.04934,2.415,7,-20.794,1,75.049,121.002,4,John Frizzell,0.0,0.0,0
215.61424,0.131,1,-3.844,1,212.132,93.975,4,Enrique Iglesias,0.0,0.0,0
311.87546,3.709,7,-6.285,1,306.956,184.745,4,Weezer,0.0,0.0,0
233.482,0.135,8,-5.95,1,217.246,85.029,4,Enrique Iglesias,0.0,0.0,1
278.80444,0.136,7,-7.973,1,254.369,116.429,4,Bruce Springsteen,0.0,0.0,0
337.76281,13.81,0,-20.538,0,304.245,83.992,4,Bruce Springsteen,0.0,0.0,0
284.15955,0.253,1,-8.661,0,272.19,93.22,4,Eminem,0.0,0.0,0
541.67465,0.0,1,-4.75,1,528.405,122.944,4,Metallica,0.0,0.0,1
260.91057,1.257,10,-13.042,1,250.288,114.189,3,Mannheim Steamroller,0.0,0.0,0
354.2722,0.171,10,-10.872,1,334.048,71.568,4,Queen,0.0,1.0,1
389.0673,0.943,10,-3.956,0,389.067,102.891,4,Michael Jackson,0.0,0.0,0
195.68281,0.0,8,-10.94,0,192.981,111.945,4,U2,0.0,0.0,0
152.60689,0.163,2,-6.919,1,143.308,125.049,4,Weezer,0.0,0.0,0
182.88281,0.371,4,-6.14,1,173.697,130.064,4,Weezer,0.0,0.0,0
236.82567,0.0,5,-4.109,0,229.808,88.066,4,Eminem,0.0,0.0,0
344.86812,0.218,0,-5.993,0,338.709,110.902,4,Mariah Carey,0.0,0.0,0
177.89342,0.303,9,-3.946,1,172.617,116.548,4,The Black Keys,0.0,0.0,0
253.46567,0.0,0,-4.552,1,244.146,147.975,4,Muse,0.0,0.0,0
155.79383,0.171,10,-8.967,1,153.397,140.386,4,Ray Charles,0.0,0.0,0
271.72526,0.0,8,-7.416,1,264.417,160.107,3,Coldplay,0.0,0.0,0
199.70567,0.558,5,-5.772,0,192.163,124.288,4,Mariah Carey,0.0,1.0,1
200.202,0.078,1,-9.137,1,185.197,125.14,4,Daft Punk,0.0,0.0,1
218.09587,0.0,5,-8.469,0,212.654,117.538,4,Mariah Carey,0.0,0.0,0
392.9073,0.0,1,-9.146,1,386.485,130.274,4,U2,1.0,1.0,1
172.7473,0.0,4,-7.163,0,166.951,200.952,1,Brad Paisley,0.0,0.0,0
222.69342,3.32,10,-13.252,1,210.518,140.254,4,Brad Paisley,0.0,0.0,0
299.65016,3.135,10,-7.492,1,290.644,77.258,4,Enrique Iglesias,0.0,0.0,0
329.87383,0.247,2,-9.222,0,298.167,68.025,5,Muse,0.0,0.0,0
252.39465,4.145,4,-6.55,1,248.07,100.014,4,U2,0.0,0.0,0
189.07383,0.194,6,-4.553,0,178.225,117.954,4,U2,0.0,0.0,0
268.38159,0.363,4,-5.061,1,260.505,86.722,4,Coldplay,0.0,1.0,1
399.75138,0.0,10,-2.319,0,395.743,115.688,4,Michael Jackson,0.0,0.0,1
254.04036,2.38,0,-15.215,0,254.04,161.999,1,Céline Dion,0.0,0.0,0
140.45995,0.247,5,-10.509,1,129.399,194.35,4,Johnny Cash,0.0,0.0,0
189.67465,0.189,4,-12.67,1,180.971,132.903,1,The Rolling Stones,0.0,0.0,0
588.87791,4.22,4,-9.421,0,543.051,104.711,4,Metallica,0.0,0.0,0
274.41587,0.322,2,-7.446,1,258.305,134.027,4,Coldplay,0.0,0.0,0
80.03873,2.258,1,-13.136,1,74.449,196.303,4,Johnny Cash,0.0,0.0,0
272.71791,0.189,10,-6.779,0,268.771,111.132,4,Michael Jackson,0.0,0.0,0
156.96934,0.322,4,-20.816,0,142.286,127.547,1,Muse,0.0,0.0,0
231.26159,3.762,0,-9.873,1,226.418,115.996,4,Céline Dion,0.0,0.0,0
133.19791,3.048,10,-23.685,0,119.867,210.898,4,John Frizzell,0.0,0.0,0
180.97587,2.635,2,-3.637,1,172.054,142.68,4,Weezer,0.0,0.0,0
185.88689,0.334,5,-9.529,1,181.15,144.3,4,Céline Dion,0.0,0.0,1
158.22322,0.348,10,-6.997,1,155.847,146.177,4,James Brown,0.0,0.0,0
162.29832,2.206,9,-10.06,1,156.415,170.995,4,Johnny Cash,0.0,0.0,0
229.0673,0.409,0,-6.947,1,219.208,101.43,4,Enrique Iglesias,0.0,0.0,0
100.75383,1.216,2,-29.999,0,91.539,91.434,4,John Frizzell,0.0,0.0,0
329.53424,0.0,5,-5.019,0,311.025,111.201,4,Daft Punk,0.0,0.0,1
214.43873,0.0,2,-5.233,1,201.468,116.834,4,The Rolling Stones,0.0,0.0,0
209.00526,0.084,2,-3.589,1,202.977,161.631,4,Muse,0.0,0.0,1
398.88934,8.104,6,-5.05,0,364.722,101.5,4,Metallica,0.0,0.0,0
397.60934,0.473,5,-7.038,0,373.696,131.955,4,Eminem,0.0,1.0,1
229.22404,0.136,11,-12.17,1,219.109,126.265,4,Mariah Carey,0.0,1.0,1
241.65832,0.148,3,-9.635,1,228.27,131.761,4,Mariah Carey,0.0,0.0,0
269.7922,0.09,7,-7.648,1,262.728,104.542,3,Brad Paisley,0.0,0.0,0
120.11057,2.177,0,-27.73,1,108.054,113.329,4,Bruce Springsteen,0.0,0.0,0
116.92363,0.0,2,-6.999,1,116.924,173.845,1,The Rolling Stones,0.0,0.0,0
139.12771,2.247,0,-8.501,1,130.026,122.291,4,Coldplay,0.0,0.0,1
196.93669,0.0,7,-10.187,1,192.737,120.083,7,Mariah Carey,0.0,0.0,0
288.33914,0.45,10,-8.265,1,274.715,107.131,3,Céline Dion,0.0,0.0,0
261.82485,0.0,5,-17.26,1,248.018,100.083,5,Bruce Springsteen,0.0,1.0,1
228.44036,0.0,8,-10.571,1,218.674,122.852,4,Weezer,0.0,0.0,0
217.96526,0.461,8,-8.486,1,204.98,100.648,1,Michael Jackson,0.0,0.0,0
137.37751,0.162,10,-5.477,0,134.194,127.407,4,Weezer,0.0,0.0,0
312.2673,0.0,11,-3.989,0,288.502,180.168,4,Eminem,0.0,0.0,1
170.00444,0.084,1,-8.733,1,163.254,154.332,4,Ray Charles,0.0,0.0,0
287.99955,0.456,2,-11.014,0,268.074,64.8,4,Céline Dion,0.0,0.0,1
140.30322,3.036,2,-17.359,1,131.744,145.161,4,Johnny Cash,0.0,0.0,0
274.57261,0.166,1,-7.722,1,261.387,120.047,4,Céline Dion,0.0,0.0,1
159.89506,0.516,7,-9.247,1,153.089,121.568,4,Michael Jackson,0.0,0.0,0
258.87302,4.069,0,-11.411,1,246.671,90.126,1,Bruce Springsteen,0.0,0.0,0
198.21669,0.159,11,-6.523,1,187.164,85.217,4,The Black Keys,0.0,0.0,0
265.1424,2.868,2,-10.104,1,248.007,119.971,4,Céline Dion,0.0,0.0,0
165.53751,0.607,1,-10.876,0,156.787,131.19,4,Bruce Springsteen,0.0,0.0,0
171.72853,0.067,0,-5.92,1,167.445,86.007,4,Eminem,0.0,0.0,0
319.9473,0.0,10,-4.546,1,306.718,149.955,4,Eminem,0.0,0.0,1
129.41016,0.119,0,-8.733,1,122.909,143.899,4,The Black Keys,0.0,0.0,0
389.98159,10.408,11,-8.933,0,389.982,121.858,4,Metallica,0.0,0.0,1
274.41587,3.576,2,-13.82,1,263.355,71.024,4,Mariah Carey,0.0,0.0,0
313.83465,0.0,6,-10.979,0,313.835,192.768,1,Metallica,0.0,0.0,0
236.5122,0.0,0,-9.308,0,232.391,111.755,4,Mariah Carey,0.0,1.0,1
472.45016,3.32,3,-3.258,1,461.926,111.504,4,Metallica,0.0,0.0,0
343.27465,4.046,11,-7.165,0,317.922,125.088,4,U2,0.0,0.0,0
245.9424,0.478,7,-9.529,1,236.971,139.756,4,Michael Jackson,0.0,0.0,0
263.81016,3.907,9,-7.06,1,255.28,141.22,4,Enrique Iglesias,0.0,0.0,1
256.36526,0.171,7,-5.223,1,248.21,106.046,4,Bruce Springsteen,0.0,0.0,1
272.43057,2.055,9,-8.242,1,263.21,141.808,1,The Rolling Stones,0.0,0.0,1
178.72934,0.073,2,-13.487,0,163.132,79.892,5,Mariah Carey,0.0,0.0,0
217.49506,0.34,5,-7.18,1,213.252,117.447,1,The Black Keys,0.0,0.0,0
218.48771,0.382,0,-10.237,1,208.028,78.369,4,Michael Jackson,0.0,0.0,0
176.24771,0.171,5,-11.769,0,164.96,135.977,4,The Rolling Stones,0.0,0.0,0
225.85424,0.298,1,-10.194,1,219.69,91.578,4,Coldplay,0.0,0.0,0
123.34975,0.0,7,-19.311,1,123.35,226.179,7,Mannheim Steamroller,0.0,0.0,0
220.89098,0.27,1,-4.633,1,209.92,116.33,4,Michael Jackson,0.0,0.0,0
206.2624,0.0,7,-5.221,0,201.822,154.008,4,Mariah Carey,0.0,0.0,0
196.85832,0.253,11,-4.77,0,189.974,127.907,4,Céline Dion,0.0,0.0,0
225.90649,4.679,6,-10.492,1,203.952,85.022,3,Enrique Iglesias,0.0,0.0,0
239.77751,0.125,3,-8.699,1,239.778,116.741,4,Mariah Carey,0.0,1.0,1
213.89016,0.212,10,-3.157,0,208.039,90.88,4,Metallica,0.0,0.0,0
165.35465,0.577,0,-15.986,1,161.03,74.993,3,Johnny Cash,0.0,0.0,0
154.8273,0.177,2,-4.35,1,141.311,117.286,4,Weezer,0.0,0.0,0
191.03302,0.113,11,-6.047,0,174.753,178.398,4,Mariah Carey,0.0,0.0,0
181.4722,0.485,6,-5.046,1,175.613,67.127,1,Weezer,0.0,0.0,1
245.83791,0.218,8,-4.211,1,230.65,163.067,4,Céline Dion,0.0,0.0,0
237.34812,0.293,10,-10.484,0,228.003,149.941,3,James Brown,0.0,1.0,0
141.71383,0.078,8,-13.497,1,137.265,85.414,1,Ray Charles,0.0,0.0,0
97.802,7.117,1,-18.328,1,97.802,170.503,4,John Frizzell,0.0,0.0,0
244.29669,0.207,4,-7.043,1,231.973,120.198,4,Céline Dion,0.0,0.0,0
240.06485,0.096,1,-4.913,1,235.299,87.97,4,Metallica,0.0,0.0,0
554.89261,3.529,9,-11.181,1,539.487,133.245,4,The Rolling Stones,0.0,0.0,1
448.93995,0.154,5,-18.295,1,430.904,60.77,3,Mannheim Steamroller,0.0,0.0,0
155.71546,0.09,1,-4.589,1,153.391,95.144,4,Linkin Park,0.0,1.0,1
298.9971,2.92,9,-4.941,0,280.834,147.991,4,Eminem,0.0,1.0,0
378.33098,3.065,11,-15.221,0,372.431,81.672,4,James Brown,0.0,0.0,0
211.98322,0.0,1,-4.733,1,198.832,130.084,4,Mariah Carey,0.0,0.0,1
249.10322,4.296,2,-21.21,0,235.003,116.253,5,Johnny Cash,0.0,0.0,0
238.99383,0.119,5,-8.812,0,227.672,138.863,3,The Black Keys,0.0,0.0,0
472.78975,0.325,11,-5.955,0,448.789,129.097,4,Metallica,0.0,0.0,0
304.43057,2.723,2,-23.935,1,290.197,70.431,5,Bruce Springsteen,0.0,0.0,0
232.75057,0.484,0,-8.559,0,221.687,120.354,4,Michael Jackson,0.0,0.0,0
158.74567,3.82,11,-2.499,0,153.037,147.487,4,Muse,0.0,0.0,0
256.44363,0.113,7,-5.704,1,243.438,156.024,4,Nickelback,0.0,1.0,0
347.66322,0.125,10,-9.736,0,333.264,149.706,4,Weezer,0.0,0.0,1
267.25832,0.38,0,-16.451,1,253.841,173.638,4,Bruce Springsteen,0.0,1.0,1
158.58893,0.0,9,-7.943,1,145.189,130.29,5,Weezer,0.0,0.0,1
179.40853,0.0,8,-9.33,1,174.591,108.483,4,U2,1.0,1.0,1
226.63791,0.119,11,-4.207,0,222.25,103.149,4,Enrique Iglesias,0.0,0.0,0
296.46322,2.572,0,-12.97,1,286.987,109.461,4,U2,0.0,0.0,0
167.05261,0.106,7,-5.673,1,167.053,157.875,4,Nickelback,0.0,0.0,0
267.25832,0.119,7,-8.69,1,258.85,107.553,4,Eminem,0.0,0.0,0
138.44853,0.183,9,-11.139,0,132.51,97.467,3,Ray Charles,0.0,0.0,0
269.58322,0.0,7,-1.518,1,254.862,114.041,4,Eminem,0.0,1.0,1
150.49098,0.404,7,-14.838,1,142.89,153.012,4,Mannheim Steamroller,0.0,0.0,0
283.55873,0.0,0,-2.053,1,273.543,168.264,4,Eminem,0.0,0.0,1
331.17995,0.374,3,-9.287,1,314.944,140.619,4,Coldplay,0.0,0.0,1
201.79546,0.16,3,-6.738,0,185.493,130.753,4,Michael Jackson,0.0,0.0,0
301.76608,3.059,11,-9.209,0,301.766,95.428,4,Michael Jackson,0.0,1.0,1
318.06649,0.322,1,-5.828,0,312.366,147.017,4,Coldplay,0.0,0.0,1
297.89995,0.0,9,-8.609,1,284.81,124.702,4,Daft Punk,0.0,0.0,1
203.93751,0.138,11,-5.23,1,196.191,93.212,3,Weezer,0.0,0.0,1
345.41669,2.496,2,-20.249,1,334.634,149.506,4,Bruce Springsteen,0.0,0.0,0
172.93016,0.485,7,-7.569,1,169.221,173.344,3,Brad Paisley,0.0,0.0,0
162.0371,0.0,5,-9.907,1,159.295,150.495,4,Bruce Springsteen,0.0,0.0,0
232.202,0.148,10,-5.141,0,223.266,127.986,4,Nickelback,0.0,1.0,1
286.32771,0.0,4,-7.476,0,272.3,122.184,4,Bruce Springsteen,0.0,0.0,0
111.33342,0.139,6,-15.815,1,106.678,211.16,4,Johnny Cash,0.0,0.0,0
258.82077,0.0,8,-7.181,1,246.219,75.855,4,Weezer,0.0,0.0,1
157.83138,0.189,1,-11.972,1,153.966,72.781,5,Ray Charles,0.0,0.0,0
211.51302,0.374,9,-8.327,0,206.048,141.205,3,James Brown,0.0,1.0,0
124.08118,2.717,0,-12.3,1,116.169,202.369,3,Johnny Cash,0.0,0.0,0
209.162,0.316,9,-6.61,0,196.214,147.726,4,Brad Paisley,0.0,0.0,0
252.13342,2.456,2,-14.764,1,241.331,123.737,4,Céline Dion,0.0,0.0,0
92.682,0.212,9,-4.987,1,83.58,125.995,4,Weezer,0.0,0.0,0
276.6624,3.053,2,-9.13,1,269.084,107.875,4,Mariah Carey,0.0,0.0,1
153.7824,0.2,5,-11.422,0,144.811,176.979,1,The Rolling Stones,0.0,0.0,0
316.31628,0.0,8,-5.832,0,301.169,128.677,3,Daft Punk,0.0,0.0,0
328.14975,0.119,8,-8.621,0,323.32,127.42,7,Coldplay,0.0,0.0,1
270.44526,0.374,1,-3.079,1,256.406,103.075,3,Mariah Carey,0.0,0.0,0
250.69669,0.316,2,-9.224,1,245.534,80.982,4,The Black Keys,0.0,0.0,1
176.5873,0.241,7,-8.987,1,170.405,126.029,4,U2,0.0,1.0,1
275.33016,0.27,4,-11.488,0,271.888,211.403,4,Muse,0.0,0.0,0
303.33342,0.0,8,-19.348,1,291.051,97.942,4,Ray Charles,0.0,0.0,0
278.5171,0.224,6,-3.505,0,275.801,125.003,4,Enrique Iglesias,0.0,0.0,0
184.55465,0.182,6,-5.641,1,178.474,117.703,4,Weezer,0.0,0.0,0
209.71057,0.0,0,-5.565,1,205.816,179.787,4,Nickelback,0.0,0.0,0
80.14322,2.699,6,-23.591,0,72.104,125.209,5,John Frizzell,0.0,0.0,0
154.27873,3.274,3,-18.058,1,143.482,147.387,4,John Frizzell,0.0,0.0,0
283.97669,0.328,0,-9.14,0,276.666,171.067,4,Bruce Springsteen,0.0,0.0,1
185.25995,0.102,8,-11.963,1,173.349,105.46,4,Johnny Cash,0.0,0.0,0
196.88444,0.34,7,-10.236,1,186.659,130.128,4,James Brown,0.0,0.0,0
194.84689,0.131,2,-5.631,1,191.75,127.104,4,Weezer,0.0,0.0,0
213.68118,0.182,8,-5.454,1,193.022,105.37,1,Mariah Carey,0.0,0.0,0
377.86077,3.599,7,-10.711,1,364.698,93.734,4,Brad Paisley,0.0,1.0,0
179.12118,0.171,0,-3.855,1,173.18,123.379,4,The Black Keys,0.0,0.0,0
544.88771,0.061,11,-3.624,0,538.86,129.997,4,Adam Sandler,0.0,0.0,0
194.53342,2.421,5,-13.72,1,176.454,188.069,1,U2,0.0,0.0,0
285.12608,0.0,11,-15.132,0,268.272,119.566,4,U2,0.0,0.0,0
252.682,7.686,8,-7.533,1,243.81,60.782,3,Queen,0.0,0.0,0
260.44036,2.752,4,-10.768,0,241.795,128.702,4,The Black Keys,0.0,0.0,0
287.08526,2.432,0,-6.924,0,277.478,124.154,4,Coldplay,0.0,0.0,1
221.20444,0.206,7,-5.091,0,213.345,147.024,4,Mariah Carey,0.0,0.0,0
317.88363,2.49,2,-4.943,1,307.212,111.07,4,Bruce Springsteen,0.0,1.0,0
126.74567,0.154,6,-15.739,1,116.965,158.966,3,Johnny Cash,0.0,0.0,0
124.96934,0.0,5,-12.282,1,118.027,188.759,7,Johnny Cash,0.0,0.0,0
265.01179,0.131,2,-5.066,1,258.641,129.358,4,Bruce Springsteen,0.0,0.0,0
297.61261,0.0,6,-6.061,1,297.613,89.938,4,U2,0.0,1.0,1
62.32771,0.154,11,-20.443,0,53.104,90.143,1,Eminem,0.0,0.0,0
180.81914,0.235,10,-7.959,0,176.315,134.687,4,James Brown,0.0,0.0,0
255.55546,0.228,9,-7.037,1,252.012,111.141,4,The Rolling Stones,0.0,0.0,1
168.17587,0.481,0,-8.595,0,158.494,126.564,5,Michael Jackson,0.0,0.0,0
266.34404,8.911,5,-5.969,1,260.139,171.852,4,Enrique Iglesias,0.0,0.0,0
199.65342,0.189,11,-7.039,0,183.989,112.055,4,Johnny Cash,0.0,0.0,1
213.91628,0.283,7,-21.562,1,200.8,159.231,4,Mannheim Steamroller,0.0,0.0,0
500.06159,3.675,8,-3.437,1,493.006,115.507,4,Metallica,0.0,0.0,1
333.16526,0.437,4,-25.303,0,327.97,179.417,4,John Frizzell,0.0,0.0,0
416.522,0.096,7,-6.912,1,402.059,98.045,4,Daft Punk,0.0,0.0,0
298.762,0.31,4,-6.22,1,291.95,117.032,3,Coldplay,0.0,0.0,1
302.57587,0.0,1,-3.595,1,286.703,90.946,4,Eminem,0.0,0.0,0
224.36526,0.344,9,-4.514,0,221.222,101.096,4,The Black Keys,0.0,0.0,0
107.96363,3.884,1,-13.882,1,101.407,90.857,4,Johnny Cash,0.0,0.0,0
221.962,2.717,10,-11.887,1,214.709,89.595,3,Mariah Carey,0.0,0.0,0
151.82322,0.287,9,-14.112,1,141.346,130.006,4,John Frizzell,0.0,0.0,0
166.21669,0.148,5,-18.805,1,153.896,183.109,4,Johnny Cash,0.0,0.0,0
205.34812,0.067,1,-5.491,1,199.976,117.876,4,Enrique Iglesias,0.0,0.0,0
296.56771,0.835,4,-12.523,1,286.975,139.643,4,Mariah Carey,0.0,0.0,0
105.84771,2.351,9,-15.061,1,97.257,170.308,1,Johnny Cash,0.0,0.0,0
319.39873,0.21,3,-10.467,1,305.929,76.48,4,Coldplay,0.0,0.0,1
181.49832,2.624,7,-12.216,1,169.001,240.196,4,Mannheim Steamroller,0.0,0.0,0
145.60608,0.0,8,-13.83,1,139.784,119.842,4,Mariah Carey,0.0,0.0,0
344.94649,0.171,9,-13.813,0,319.791,213.714,4,Daft Punk,0.0,0.0,1
130.29832,0.0,6,-20.098,0,119.914,78.456,4,Coldplay,0.0,0.0,0
193.74975,0.269,9,-8.192,1,189.521,83.559,5,Michael Jackson,0.0,0.0,0
441.10322,2.351,0,-8.204,1,430.457,85.408,4,Muse,0.0,0.0,1
219.27138,0.165,9,-9.042,1,211.865,156.896,4,Brad Paisley,0.0,1.0,0
118.9873,0.374,1,-18.083,1,118.987,101.554,7,John Frizzell,0.0,0.0,0
239.20281,0.108,8,-7.942,1,229.309,166.019,4,Enrique Iglesias,0.0,0.0,0
204.40771,0.0,4,-2.616,1,195.065,134.963,4,Weezer,0.0,0.0,0
241.65832,0.217,4,-6.249,1,232.763,88.363,4,Brad Paisley,0.0,1.0,0
176.97914,0.0,1,-17.524,1,159.538,119.818,4,John Frizzell,0.0,0.0,0
254.87628,0.34,5,-5.045,1,242.852,144.024,4,Nickelback,0.0,1.0,1
136.85506,3.181,4,-24.433,0,130.223,90.27,3,John Frizzell,0.0,0.0,0
479.03302,3.86,11,-6.203,0,461.648,136.004,4,U2,1.0,1.0,1
269.11302,0.136,11,-6.301,1,265.358,115.619,4,James Brown,0.0,0.0,0
249.05098,0.0,6,-9.3,1,237.563,97.63,4,U2,0.0,1.0,1
223.7122,0.0,7,-3.781,1,219.278,124.027,4,Enrique Iglesias,0.0,0.0,0
190.53669,0.409,1,-5.601,0,179.235,79.9,4,Eminem,0.0,0.0,1
254.22322,3.291,0,-4.906,0,235.323,115.036,4,Enrique Iglesias,0.0,0.0,0
248.16281,0.177,1,-7.869,1,238.428,72.379,4,Céline Dion,0.0,0.0,0
217.10322,0.0,7,-9.005,1,207.174,165.212,3,Brad Paisley,0.0,0.0,0
256.41751,0.2,9,-6.248,1,242.875,126.033,4,Céline Dion,0.0,0.0,0
257.09669,0.177,4,-7.414,1,247.084,120.623,4,Muse,0.0,0.0,0
300.19873,7.117,0,-5.585,1,294.388,91.91,4,Muse,0.0,0.0,1
231.20934,0.0,10,-24.685,1,215.441,105.972,4,Bruce Springsteen,0.0,0.0,0
215.24853,2.467,2,-10.841,1,199.152,202.85,4,Michael Jackson,0.0,0.0,0
145.65832,0.322,2,-6.815,0,143.383,111.341,4,The Black Keys,0.0,0.0,0
274.23302,1.367,8,-8.009,1,260.034,137.798,4,Enrique Iglesias,0.0,0.0,0
207.51628,2.583,4,-6.226,1,201.642,106.074,4,Muse,0.0,0.0,0
231.70567,0.0,7,-4.666,1,221.53,139.577,1,The Rolling Stones,0.0,0.0,0
222.06649,2.334,11,-10.521,0,211.052,137.869,4,Mariah Carey,0.0,0.0,0
202.81424,0.525,5,-14.198,1,185.394,133.991,4,Johnny Cash,0.0,0.0,0
140.17261,0.478,10,-16.615,1,131.773,179.896,7,John Frizzell,0.0,0.0,0
247.40526,0.123,10,-6.79,1,236.785,159.995,4,Enrique Iglesias,0.0,1.0,1
248.08444,0.119,5,-10.829,1,226.685,95.04,4,Céline Dion,0.0,0.0,1
340.24444,0.067,1,-4.279,1,330.083,164.002,4,Eminem,0.0,1.0,0
135.94077,0.131,9,-7.299,1,128.72,106.102,4,The Black Keys,0.0,0.0,0
427.85914,0.0,0,-5.744,0,422.684,140.344,4,Metallica,0.0,0.0,0
260.15302,0.171,1,-17.387,1,250.038,90.224,4,U2,0.0,0.0,0
159.26812,4.708,2,-7.357,1,155.661,170.2,4,The Rolling Stones,0.0,0.0,1
346.69669,12.423,9,-6.203,0,337.241,90.118,5,Muse,0.0,0.0,1
330.55302,3.402,11,-8.796,0,321.997,132.055,4,Coldplay,0.0,0.0,1
289.17506,0.438,4,-7.429,0,281.066,149.048,4,Coldplay,0.0,0.0,0
163.89179,0.247,8,-6.948,1,160.525,75.955,1,Ray Charles,0.0,0.0,0
303.5424,6.618,1,-8.096,0,299.021,92.634,4,Enrique Iglesias,0.0,0.0,0
205.322,0.42,8,-4.909,1,186.613,99.319,4,Eminem,0.0,0.0,1
206.47138,0.338,9,-7.993,1,191.814,78.336,4,The Black Keys,0.0,0.0,0
371.43465,0.0,10,-3.789,0,360.304,115.446,5,Eminem,0.0,0.0,0
249.88689,3.599,2,-8.086,1,240.007,107.895,4,Mannheim Steamroller,0.0,0.0,0
213.86404,0.186,2,-21.49,0,195.262,198.617,4,Mannheim Steamroller,0.0,0.0,0
210.49424,0.084,7,-4.312,1,203.535,101.994,4,Enrique Iglesias,0.0,0.0,0
163.60444,0.201,0,-6.773,1,153.031,125.685,4,Brad Paisley,0.0,0.0,0
328.25424,0.0,10,-4.262,0,324.986,115.228,4,Metallica,0.0,0.0,0
269.68771,0.131,7,-5.487,1,251.669,176.368,4,Bruce Springsteen,0.0,0.0,0
163.13424,0.12,10,-15.454,0,157.518,115.95,4,Ray Charles,0.0,0.0,0
213.13261,0.0,1,-4.132,0,206.089,100.349,4,Johnny Cash,0.0,0.0,0
306.78159,0.119,6,-8.157,1,298.696,116.001,4,Mariah Carey,0.0,0.0,0
298.63138,0.305,2,-7.386,1,291.794,111.049,4,Bruce Springsteen,1.0,1.0,0
159.65995,0.398,5,-11.943,1,152.863,211.084,4,Johnny Cash,0.0,0.0,0
157.02159,0.0,9,-5.265,1,154.256,114.983,4,The Black Keys,0.0,0.0,0
175.77751,0.34,8,-12.273,1,169.076,85.309,4,Céline Dion,0.0,0.0,0
295.13098,3.135,0,-4.949,1,289.443,162.804,1,Metallica,0.0,0.0,0
142.57587,0.2,2,-7.635,1,140.179,169.886,4,Muse,0.0,0.0,0
149.36771,8.748,4,-15.656,1,141.468,125.033,4,Mannheim Steamroller,0.0,0.0,0
268.59057,0.0,4,-6.663,1,260.928,103.907,7,Céline Dion,0.0,0.0,0
395.93751,0.309,9,-8.459,1,391.152,143.579,1,Metallica,0.0,0.0,1
195.29098,2.31,7,-6.319,1,189.138,124.019,4,Weezer,0.0,0.0,0
59.53261,2.368,1,-27.073,1,59.533,125.032,1,John Frizzell,0.0,0.0,0
89.80853,2.432,0,-26.461,1,77.607,104.929,4,John Frizzell,0.0,0.0,0
223.05914,0.374,11,-5.537,1,213.664,107.409,4,Nickelback,0.0,0.0,0
225.41016,0.0,9,-10.388,1,216.509,73.099,3,Brad Paisley,0.0,1.0,1
268.5122,0.0,10,-6.76,1,247.025,85.853,4,Eminem,1.0,1.0,1
324.88444,0.0,1,-4.28,1,322.038,128.87,1,Metallica,0.0,0.0,0
253.98812,0.0,10,-6.817,1,239.485,108.802,4,Enrique Iglesias,0.0,0.0,0
276.58404,0.394,4,-23.251,1,259.216,133.133,4,Mannheim Steamroller,0.0,0.0,0
284.62975,0.253,5,-4.092,1,261.242,126.916,4,Enrique Iglesias,0.0,0.0,0
256.10404,0.496,0,-6.288,1,247.478,144.9,4,Brad Paisley,0.0,1.0,1
260.8322,0.456,7,-3.665,1,255.356,135.638,4,Nickelback,0.0,0.0,1
175.28118,0.293,7,-8.889,1,171.468,100.155,4,James Brown,0.0,0.0,0
226.01098,3.233,9,-12.033,1,212.672,133.476,1,Bruce Springsteen,0.0,0.0,1
104.33261,2.775,2,-23.336,0,94.441,131.67,4,John Frizzell,0.0,0.0,0
82.23302,7.233,1,-25.749,1,74.194,133.619,4,John Frizzell,0.0,0.0,0
391.57506,23.069,10,-13.524,0,386.67,98.011,4,U2,1.0,0.0,0
510.06649,0.0,1,-5.419,1,504.001,157.393,4,Metallica,0.0,0.0,0
277.9424,3.971,7,-8.445,1,271.958,127.714,4,Enrique Iglesias,0.0,0.0,0
232.30649,0.164,1,-5.552,1,225.117,101.911,4,Enrique Iglesias,0.0,0.0,0
190.22322,0.171,9,-14.06,0,181.632,106.705,4,Céline Dion,0.0,0.0,0
125.09995,0.0,7,-8.674,0,119.676,117.459,5,Michael Bublé,0.0,0.0,0
211.43465,0.0,7,-4.143,1,207.447,166.027,4,Nickelback,0.0,0.0,0
276.81914,0.322,0,-10.277,0,268.521,70.097,4,Céline Dion,0.0,0.0,0
236.06812,0.0,10,-15.445,0,232.147,149.941,5,Johnny Cash,0.0,0.0,0
223.7122,0.101,11,-6.373,1,213.653,111.404,4,The Rolling Stones,0.0,1.0,1
484.12689,0.113,1,-8.107,1,465.403,127.839,4,Mariah Carey,0.0,1.0,1
210.70322,0.131,7,-7.645,1,196.238,163.605,4,Mariah Carey,0.0,0.0,0
242.62485,3.831,2,-6.17,1,235.543,88.514,4,Céline Dion,0.0,0.0,0
231.83628,0.0,9,-11.281,1,219.8,131.655,4,Mariah Carey,0.0,0.0,0
269.00853,0.593,0,-12.73,1,259.686,92.808,3,Mannheim Steamroller,0.0,0.0,0
238.07955,1.355,6,-14.249,1,225.913,98.203,7,Mannheim Steamroller,0.0,0.0,0
172.48608,0.205,5,-5.322,1,164.084,121.181,4,The Rolling Stones,0.0,0.0,0
238.44526,0.0,8,-7.291,1,229.129,166.033,4,Enrique Iglesias,0.0,0.0,1
110.86322,0.0,10,-8.991,1,107.462,180.031,4,Johnny Cash,0.0,0.0,0
267.44118,2.276,0,-9.215,1,260.696,193.726,4,Johnny Cash,0.0,0.0,1
304.50893,0.0,7,-7.932,1,300.385,110.008,4,Mariah Carey,0.0,0.0,0
219.50649,0.194,5,-7.973,1,215.481,105.028,4,Enrique Iglesias,0.0,0.0,0
257.09669,6.084,8,-4.84,0,250.479,114.913,4,Enrique Iglesias,0.0,0.0,0
180.74077,0.241,8,-15.517,1,175.258,70.425,1,Ray Charles,0.0,0.0,0
209.50159,0.688,8,-7.662,1,197.399,99.479,1,Michael Jackson,0.0,0.0,0
284.86485,0.119,10,-4.357,1,274.901,104.563,4,Eminem,1.0,1.0,1
144.71791,0.154,4,-13.818,1,135.831,122.758,4,Johnny Cash,0.0,0.0,0
263.65342,2.351,1,-20.275,1,255.826,122.016,4,Ray Charles,0.0,0.0,0
234.94485,2.154,0,-7.073,1,226.615,131.688,4,Enrique Iglesias,0.0,0.0,0
254.92853,0.745,4,-7.877,0,242.794,135.74,4,Enrique Iglesias,0.0,0.0,0
300.30322,0.225,1,-7.019,0,295.567,105.717,4,The Black Keys,0.0,0.0,0
253.49179,0.0,0,-5.364,1,241.911,139.513,4,The Rolling Stones,0.0,1.0,0
191.55546,0.166,0,-11.024,1,185.806,121.531,4,Johnny Cash,0.0,0.0,0
228.51873,2.572,2,-5.618,1,217.687,136.099,4,U2,0.0,0.0,0
257.2273,2.723,9,-11.83,1,238.347,84.251,5,Bruce Springsteen,0.0,1.0,1
191.05914,0.415,9,-8.543,1,182.77,151.947,4,Enrique Iglesias,0.0,0.0,1
112.8224,2.078,4,-26.251,0,112.822,115.48,1,John Frizzell,0.0,0.0,0
167.91465,4.04,7,-10.018,1,161.843,113.246,7,Johnny Cash,0.0,0.0,1
262.84363,3.384,10,-10.995,0,254.839,110.131,4,Bruce Springsteen,0.0,0.0,0
351.7122,2.026,10,-5.629,0,339.342,117.414,4,Metallica,0.0,0.0,0
304.87465,0.0,4,-5.511,0,294.4,156.982,4,Eminem,0.0,1.0,1
160.60036,0.291,0,-14.212,1,154.256,73.959,1,Ray Charles,0.0,0.0,0
161.14893,2.009,2,-9.397,1,154.326,119.945,3,Céline Dion,0.0,0.0,0
401.73669,2.026,5,-4.746,0,394.902,194.865,4,Metallica,0.0,0.0,1
448.13016,0.0,0,-6.456,1,429.25,124.993,4,U2,0.0,0.0,0
319.73832,4.319,8,-7.729,0,308.645,135.797,4,Metallica,0.0,0.0,1
233.45587,0.38,8,-13.925,1,218.122,112.189,1,Mannheim Steamroller,0.0,0.0,0
245.55057,0.0,7,-4.963,0,237.447,168.154,4,Eminem,0.0,0.0,1
307.51302,0.241,8,-7.387,1,294.255,130.965,4,Coldplay,1.0,1.0,1
282.64444,0.0,10,-6.95,0,274.541,149.973,4,Eminem,0.0,1.0,1
209.21424,5.137,7,-20.794,1,195.379,109.819,4,Bruce Springsteen,0.0,0.0,0
203.85914,0.0,8,-16.637,1,192.134,81.231,1,Céline Dion,0.0,0.0,0
305.60608,16.91,6,-7.365,0,297.57,89.92,4,Bruce Springsteen,0.0,0.0,0
224.07791,0.399,7,-18.074,1,214.39,163.996,5,Johnny Cash,0.0,0.0,0
476.62975,0.391,4,-2.583,0,471.499,124.187,7,Metallica,0.0,1.0,1
233.22077,0.0,0,-11.714,1,222.0,101.218,4,Johnny Cash,0.0,0.0,1
205.66159,0.218,0,-3.477,1,201.056,100.084,4,Céline Dion,0.0,0.0,0
173.50485,0.334,10,-16.954,0,169.837,155.963,4,John Frizzell,0.0,0.0,0
231.18322,0.078,5,-4.262,1,227.347,155.946,4,Céline Dion,0.0,0.0,0
171.41506,0.438,4,-12.979,1,158.105,170.174,3,Coldplay,0.0,0.0,1
260.33587,1.088,7,-5.645,1,250.375,109.819,4,Michael Jackson,0.0,0.0,1
405.78567,0.0,0,-5.775,1,405.786,87.125,4,The Rolling Stones,0.0,1.0,1
161.85424,0.328,8,-8.452,1,154.587,149.388,5,Ray Charles,0.0,0.0,1
306.46812,0.171,9,-7.159,1,294.191,125.977,4,Mariah Carey,0.0,0.0,0
298.91873,0.16,0,-9.576,1,283.289,168.674,4,Michael Jackson,0.0,0.0,0
215.66649,2.548,2,-17.981,0,203.523,122.072,3,Ray Charles,0.0,0.0,0
117.78567,0.212,5,-4.424,1,117.786,138.053,1,The Black Keys,0.0,0.0,0
208.74404,0.0,2,-5.59,1,204.713,110.031,4,Weezer,0.0,1.0,0
225.01832,0.142,11,-3.983,1,216.12,112.03,3,Bruce Springsteen,0.0,0.0,0
159.242,0.369,0,-9.324,1,150.129,163.796,4,Michael Jackson,0.0,0.0,0
174.00118,0.154,0,-8.989,1,158.151,189.425,3,Michael Jackson,0.0,0.0,0
240.01261,0.0,0,-7.063,1,236.159,64.815,3,Mariah Carey,0.0,0.0,0
311.32689,0.258,7,-11.164,1,297.54,58.503,1,The Black Keys,0.0,0.0,0
114.23302,0.35,0,-17.68,0,108.832,73.701,1,John Frizzell,0.0,0.0,0
159.32036,0.149,6,-20.32,1,153.008,126.487,3,Johnny Cash,0.0,0.0,0
301.87057,4.365,5,-6.049,1,293.036,79.029,4,Enrique Iglesias,0.0,0.0,0
78.15791,8.411,9,-27.712,1,78.158,121.119,4,John Frizzell,0.0,0.0,0
319.42485,0.101,0,-4.145,1,315.664,136.262,1,Daft Punk,0.0,0.0,1
288.20853,9.474,7,-10.454,1,274.425,101.792,4,U2,0.0,0.0,0
234.26567,0.154,0,-5.148,1,227.527,106.119,5,The Black Keys,0.0,0.0,0
259.082,0.0,10,-11.921,1,253.556,91.867,3,The Rolling Stones,0.0,0.0,0
127.84281,0.142,0,-11.909,1,118.747,173.163,4,The Rolling Stones,0.0,0.0,0
259.94404,3.1,6,-9.475,0,252.894,119.79,4,Mariah Carey,0.0,1.0,1
37.66812,0.0,9,-20.219,0,37.668,133.891,4,Muse,0.0,0.0,0
232.85506,0.0,5,-7.03,1,227.23,132.684,4,Weezer,0.0,0.0,0
296.01914,2.682,7,-5.885,1,283.057,133.475,4,Brad Paisley,0.0,1.0,0
244.27057,0.229,10,-8.429,1,231.306,98.908,3,Weezer,0.0,0.0,0
217.73016,0.218,7,-13.28,0,198.949,119.889,4,Bruce Springsteen,0.0,0.0,1
163.23873,0.502,0,-13.16,1,155.91,84.061,1,Mannheim Steamroller,0.0,0.0,0
165.72036,3.408,0,-20.122,0,154.877,110.019,4,John Frizzell,0.0,0.0,0
238.88934,0.0,0,-7.619,1,231.068,119.895,4,Mannheim Steamroller,0.0,0.0,0
177.03138,0.0,7,-11.887,1,166.69,119.772,4,James Brown,0.0,0.0,0
73.66485,0.996,0,-23.151,1,67.785,63.88,3,John Frizzell,0.0,0.0,0
273.60608,0.345,2,-12.515,1,264.928,97.91,4,Bruce Springsteen,0.0,0.0,0
201.76934,0.533,4,-13.817,1,191.89,174.439,4,Michael Jackson,0.0,0.0,0
320.7571,0.0,7,-10.716,1,283.556,128.751,3,Céline Dion,0.0,0.0,0
243.40853,0.181,5,-4.77,0,241.226,124.111,4,James Brown,0.0,0.0,0
295.20934,0.618,10,-6.952,1,280.787,97.248,4,Michael Jackson,0.0,0.0,1
317.85751,0.125,10,-4.686,0,312.128,182.575,4,Eminem,0.0,0.0,1
223.7122,2.113,0,-14.411,1,208.504,135.623,4,Johnny Cash,0.0,0.0,0
387.39546,4.812,2,-12.042,1,387.395,116.046,4,Daft Punk,0.0,0.0,0
188.9171,0.618,2,-3.007,1,184.587,190.269,4,Metallica,0.0,0.0,0
256.78322,4.418,0,-3.628,1,252.273,106.459,4,Metallica,0.0,0.0,0
218.69669,0.0,8,-3.718,1,206.245,126.977,4,Enrique Iglesias,0.0,0.0,0
299.88526,0.421,7,-11.633,1,287.039,117.33,4,Bruce Springsteen,0.0,0.0,1
241.94567,0.096,9,-6.126,1,232.914,127.875,4,Enrique Iglesias,0.0,0.0,1
140.19873,3.135,8,-14.623,1,135.372,122.258,4,Johnny Cash,0.0,0.0,0
169.89995,0.165,9,-14.494,1,161.355,81.333,4,Johnny Cash,0.0,0.0,0
189.28281,0.168,2,-9.187,1,185.394,164.864,1,The Black Keys,0.0,0.0,0
385.802,9.3,1,-1.0,0,371.566,188.26,4,Michael Jackson,0.0,0.0,1
51.46077,0.658,8,-8.347,1,51.461,111.921,4,Daft Punk,0.0,0.0,0
209.26649,3.471,5,-11.309,0,200.243,93.702,4,Johnny Cash,0.0,0.0,0
230.05995,0.264,0,-8.438,1,224.38,105.997,4,Mannheim Steamroller,0.0,0.0,0
265.87383,0.0,2,-10.61,1,265.874,90.127,3,Céline Dion,0.0,0.0,1
287.11138,0.272,2,-7.466,1,264.319,165.992,3,Eminem,0.0,1.0,1
198.66077,2.043,7,-6.703,0,184.384,64.055,4,Michael Jackson,0.0,0.0,0
179.43465,4.51,5,-11.484,0,169.889,138.833,4,Michael Jackson,0.0,0.0,0
287.242,0.0,11,-4.031,0,260.29,92.026,4,Eminem,0.0,0.0,0
232.82893,0.307,1,-26.533,1,221.896,106.009,4,John Frizzell,0.0,0.0,0
219.27138,0.0,1,-6.326,1,196.911,105.128,4,Eminem,0.0,0.0,0
431.43791,0.0,1,-10.39,1,431.438,126.951,4,Daft Punk,0.0,0.0,0
156.94322,0.102,6,-13.047,1,149.728,211.462,4,Johnny Cash,0.0,0.0,0
264.75057,0.0,7,-6.925,1,256.639,151.954,4,Enrique Iglesias,0.0,0.0,1
240.92689,0.108,8,-4.31,1,223.538,127.012,4,Enrique Iglesias,0.0,0.0,0
307.3824,0.139,5,-7.8,1,292.78,113.14,4,U2,0.0,0.0,0
107.7024,0.298,7,-9.324,1,103.178,99.997,1,Mannheim Steamroller,0.0,0.0,0
228.93669,2.537,9,-9.57,0,219.341,110.2,4,Muse,0.0,0.0,1
208.27383,2.699,1,-11.904,1,199.848,146.166,7,Céline Dion,0.0,0.0,0
250.09587,0.238,5,-12.844,1,233.802,117.988,4,Céline Dion,0.0,0.0,0
194.87302,0.119,9,-12.257,1,184.326,145.883,4,The Rolling Stones,0.0,0.0,0
155.11465,0.352,3,-14.254,1,144.004,143.195,4,Michael Jackson,0.0,0.0,0
70.39955,2.659,6,-27.308,0,70.4,120.333,4,John Frizzell,0.0,0.0,0
221.70077,0.0,7,-12.35,1,201.729,80.788,1,Coldplay,0.0,0.0,0
137.42975,3.466,6,-23.342,0,121.754,211.891,5,John Frizzell,0.0,0.0,0
164.67546,0.479,2,-8.426,1,153.67,107.494,3,Brad Paisley,0.0,0.0,0
198.16444,0.288,7,-14.625,1,190.166,92.254,3,Johnny Cash,0.0,0.0,0
154.09587,0.154,9,-12.513,1,144.573,82.562,4,Johnny Cash,0.0,0.0,0
281.91302,0.0,10,-11.825,1,260.331,144.007,4,Mannheim Steamroller,0.0,0.0,0
187.0624,0.0,9,-5.745,0,180.146,122.781,4,Muse,0.0,0.0,0
158.06649,1.071,9,-5.995,1,154.622,101.152,4,Muse,0.0,0.0,0
302.2624,0.0,11,-5.763,1,296.211,123.624,4,Bruce Springsteen,0.0,0.0,0
294.76526,0.154,11,-7.443,1,283.405,71.493,4,The Black Keys,0.0,0.0,0
194.61179,3.291,2,-5.247,1,188.871,102.962,4,Enrique Iglesias,0.0,0.0,0
232.14975,0.223,2,-8.13,1,219.87,118.903,1,The Rolling Stones,0.0,0.0,0
219.01016,0.0,2,-3.585,1,211.859,133.95,4,U2,0.0,0.0,0
161.85424,0.165,9,-4.869,1,154.976,74.886,4,The Black Keys,0.0,0.0,0
211.9571,0.154,2,-15.584,1,201.044,89.44,5,Céline Dion,0.0,0.0,0
339.98322,0.205,11,-12.846,1,337.212,139.07,4,Metallica,0.0,0.0,0
280.47628,0.345,5,-13.896,1,273.281,93.498,4,Mannheim Steamroller,0.0,0.0,0
142.13179,0.0,7,-7.205,1,137.956,132.042,1,The Black Keys,0.0,0.0,0
229.61587,0.0,9,-4.33,1,219.736,113.63,4,Weezer,0.0,0.0,0
318.56281,6.252,1,-7.585,1,314.694,107.789,4,Bruce Springsteen,0.0,0.0,0
264.77669,2.218,9,-6.377,0,264.777,163.802,4,Metallica,0.0,0.0,0
135.65342,0.545,7,-13.606,1,128.267,98.058,4,Johnny Cash,0.0,0.0,0
93.51791,0.0,9,-13.824,1,93.518,98.379,3,Mannheim Steamroller,0.0,0.0,0
251.03628,0.277,11,-12.427,1,244.03,127.953,4,Coldplay,0.0,0.0,0
189.6224,0.0,0,-16.845,1,182.509,68.383,4,Ray Charles,0.0,0.0,0
193.48853,0.096,4,-6.513,1,179.676,89.018,4,Enrique Iglesias,0.0,0.0,0
238.99383,0.125,4,-6.185,0,224.926,124.911,4,U2,0.0,0.0,0
341.05424,0.247,0,-7.597,1,335.122,83.129,1,Metallica,0.0,0.0,0
105.69098,3.448,8,-32.616,0,100.763,155.951,3,John Frizzell,0.0,0.0,0
128.10404,0.0,2,-5.089,1,126.102,100.767,4,The Black Keys,0.0,0.0,1
301.26975,0.183,5,-6.175,1,293.21,79.074,4,Enrique Iglesias,0.0,0.0,0
348.81261,1.622,6,-16.701,1,332.742,172.868,4,U2,0.0,0.0,0
227.36934,0.0,2,-5.906,1,227.369,123.966,4,Queen,0.0,0.0,1
229.66812,0.386,0,-10.409,1,220.555,120.0,4,Mannheim Steamroller,0.0,0.0,0
253.70077,0.0,2,-9.447,1,246.259,164.922,4,Brad Paisley,0.0,1.0,0
228.62322,0.0,9,-8.961,0,222.203,87.281,4,Coldplay,0.0,0.0,0
344.81587,4.034,5,-9.69,1,334.095,132.093,4,Céline Dion,0.0,0.0,0
321.04444,0.16,1,-6.16,0,321.044,184.24,4,Daft Punk,0.0,0.0,0
176.63955,4.296,7,-6.403,0,173.035,91.733,3,The Black Keys,0.0,0.0,0
249.10322,0.34,6,-10.783,0,243.055,91.16,4,Coldplay,0.0,0.0,1
272.77016,4.551,4,-10.713,1,270.292,120.162,1,Bruce Springsteen,0.0,0.0,0
70.50404,2.519,9,-14.403,1,70.504,106.433,1,John Frizzell,0.0,0.0,0
283.19302,0.0,11,-6.984,0,283.193,84.96,5,Daft Punk,0.0,0.0,1
170.97098,0.148,9,-8.74,0,165.692,159.55,5,James Brown,0.0,0.0,0
199.94077,0.148,2,-11.55,1,189.161,95.494,1,Bruce Springsteen,0.0,0.0,0
154.80118,0.392,5,-5.088,1,144.631,111.559,4,Weezer,0.0,0.0,0
160.80934,0.322,5,-16.316,1,150.727,204.589,1,Johnny Cash,0.0,0.0,1
161.27955,2.438,7,-32.27,0,152.776,145.051,4,John Frizzell,0.0,0.0,0
261.19791,0.0,4,-4.257,0,248.227,103.01,4,Enrique Iglesias,0.0,0.0,0
115.90485,2.833,10,-24.917,0,107.003,146.967,1,John Frizzell,0.0,0.0,0
170.65751,0.0,7,-6.236,1,165.407,109.799,4,The Black Keys,0.0,0.0,0
277.28934,3.164,1,-7.701,1,269.206,108.761,4,U2,0.0,1.0,1
294.3473,0.282,8,-5.302,1,289.826,115.333,4,Metallica,0.0,0.0,0
142.52363,0.212,4,-4.474,1,131.843,95.914,3,Weezer,0.0,0.0,0
264.202,0.073,9,-6.231,1,260.539,139.918,4,Michael Jackson,0.0,0.0,0
216.55465,2.003,0,-3.476,1,205.108,124.065,4,Enrique Iglesias,0.0,1.0,1
153.73016,0.284,0,-6.938,1,146.634,131.08,4,Mannheim Steamroller,0.0,0.0,0
276.37506,0.0,9,-5.297,1,265.282,121.685,4,Brad Paisley,0.0,0.0,0
285.30893,0.654,3,-6.676,0,275.36,119.374,4,U2,0.0,0.0,0
197.642,0.189,7,-12.778,1,194.049,98.529,4,Brad Paisley,0.0,0.0,0
162.55955,0.147,7,-8.793,1,157.617,116.098,4,The Black Keys,0.0,0.0,1
122.8273,0.297,0,-11.624,1,117.301,139.89,1,The Rolling Stones,0.0,0.0,0
139.54567,1.292,8,-10.79,1,136.51,93.906,3,Johnny Cash,0.0,0.0,0
237.322,0.142,4,-11.117,1,226.557,142.676,4,Brad Paisley,0.0,0.0,0
222.17098,0.206,10,-3.813,0,216.358,106.362,4,Enrique Iglesias,0.0,0.0,0
164.67546,0.0,2,-11.918,1,158.726,91.145,4,Johnny Cash,0.0,0.0,0
165.32853,0.223,10,-16.943,1,157.6,162.144,1,Johnny Cash,1.0,0.0,0
211.01669,0.122,11,-6.472,0,203.831,109.09,4,The Black Keys,1.0,1.0,1
412.9171,3.477,11,-4.814,1,406.483,92.162,4,Metallica,0.0,0.0,0
240.66567,0.137,2,-6.065,1,229.169,140.613,4,Bruce Springsteen,0.0,0.0,0
265.74322,0.0,3,-11.573,1,253.632,198.01,3,Mariah Carey,0.0,0.0,0
234.37016,2.142,7,-10.277,1,218.477,86.14,7,Céline Dion,0.0,0.0,1
200.14975,0.351,0,-9.11,1,180.262,117.029,4,Brad Paisley,0.0,1.0,0
238.44526,0.0,6,-5.06,1,227.817,117.086,4,Weezer,0.0,0.0,1
295.18322,0.142,0,-5.128,1,277.409,92.711,1,Enrique Iglesias,0.0,0.0,0
223.00689,5.48,6,-18.319,1,215.673,159.158,1,Bruce Springsteen,0.0,0.0,0
189.09995,0.34,2,-8.492,1,171.746,157.456,4,The Rolling Stones,0.0,0.0,0
134.24281,1.071,11,-21.42,0,134.243,124.176,4,John Frizzell,0.0,0.0,0
137.24689,0.16,2,-10.001,0,131.448,134.874,4,The Rolling Stones,0.0,0.0,0
250.5922,0.391,2,-6.018,1,247.948,169.28,4,Eminem,0.0,1.0,1
348.39465,0.0,9,-3.799,0,339.342,168.948,4,Eminem,0.0,0.0,1
164.67546,0.0,8,-7.733,1,160.729,131.394,4,Weezer,0.0,0.0,0
370.442,0.0,11,-9.952,0,370.442,124.181,4,Daft Punk,0.0,0.0,1
380.21179,0.329,7,-3.221,0,369.964,141.941,4,Metallica,0.0,0.0,0
244.92363,0.218,2,-13.279,1,236.373,113.591,4,U2,0.0,0.0,0
168.48934,2.879,4,-15.865,1,160.908,84.935,5,Johnny Cash,0.0,0.0,0
216.5024,0.067,1,-7.228,1,211.557,159.725,4,The Black Keys,0.0,0.0,0
304.84853,2.99,2,-3.876,1,300.716,128.009,4,Muse,0.0,1.0,1
166.63465,0.0,9,-13.932,1,160.589,89.614,4,Johnny Cash,0.0,0.0,0
268.93016,0.234,0,-7.879,1,256.401,114.666,4,Bruce Springsteen,0.0,0.0,1
205.322,0.0,8,-4.785,1,195.971,115.523,4,Céline Dion,0.0,0.0,0
299.54567,8.423,9,-8.325,1,285.205,124.707,4,Daft Punk,0.0,0.0,0
237.11302,0.363,4,-12.793,1,222.83,108.627,1,Bruce Springsteen,0.0,0.0,1
57.7824,0.374,6,-27.846,0,57.782,133.936,1,John Frizzell,0.0,0.0,0
314.53995,0.0,0,-22.751,1,294.83,117.371,4,Bruce Springsteen,0.0,0.0,0
242.23302,6.2,7,-18.029,1,229.79,116.743,4,Bruce Springsteen,0.0,0.0,0
248.86812,0.583,3,-10.125,1,240.785,140.148,4,Céline Dion,0.0,0.0,0
265.35138,2.728,0,-9.405,1,255.385,65.286,3,Mariah Carey,0.0,0.0,0
205.97506,0.229,9,-6.043,0,196.47,95.061,4,Mariah Carey,0.0,0.0,0
421.43302,0.0,6,-10.047,1,404.869,126.11,4,Daft Punk,0.0,0.0,0
114.36363,0.241,9,-14.626,0,105.25,157.982,4,James Brown,0.0,0.0,0
322.19383,0.339,2,-10.489,1,312.053,112.62,3,Brad Paisley,0.0,0.0,0
239.59465,5.538,11,-8.523,0,229.616,84.378,4,The Black Keys,0.0,0.0,0
104.51546,0.223,0,-28.464,1,93.269,120.009,4,Daft Punk,0.0,0.0,1
242.33751,0.132,5,-7.79,1,227.631,112.535,4,Bruce Springsteen,0.0,0.0,0
238.10567,0.074,9,-4.249,1,231.039,153.377,4,Enrique Iglesias,0.0,0.0,0
173.24363,0.0,1,-4.94,1,173.244,95.015,4,Eminem,0.0,0.0,0
196.91057,0.0,10,-3.929,1,184.639,135.071,4,Weezer,0.0,0.0,0
304.69179,0.0,8,-7.826,1,300.542,92.921,4,Mariah Carey,0.0,0.0,0
125.20444,0.183,0,-5.109,1,120.842,136.794,4,Coldplay,0.0,0.0,0
605.83138,0.0,9,-7.072,1,598.349,172.799,4,Metallica,0.0,0.0,1
215.06567,1.181,0,-9.018,0,208.927,153.531,4,Céline Dion,0.0,0.0,0
14.52363,0.0,9,-19.3,0,14.524,243.049,3,Brad Paisley,0.0,0.0,0
248.34567,0.183,9,-8.556,1,229.715,98.594,4,Brad Paisley,0.0,0.0,0
180.34893,3.082,2,-15.242,1,165.808,112.486,4,Bruce Springsteen,0.0,0.0,0
264.33261,2.421,11,-6.011,1,257.538,111.86,4,Enrique Iglesias,0.0,0.0,0
94.37995,0.0,7,-7.987,1,86.204,177.386,4,Johnny Cash,0.0,0.0,0
211.69587,0.171,6,-8.524,1,205.613,124.211,4,Daft Punk,0.0,0.0,1
256.96608,0.288,6,-4.662,1,235.88,135.707,4,Weezer,0.0,0.0,1
366.54975,2.583,11,-4.222,1,347.945,119.235,4,Michael Jackson,0.0,0.0,1
487.96689,3.675,2,-5.447,0,483.318,125.377,4,James Brown,0.0,1.0,1
211.56526,0.0,2,-8.925,1,201.747,103.51,3,Brad Paisley,0.0,0.0,0
251.61098,0.157,9,-13.173,0,231.457,111.831,4,Céline Dion,0.0,0.0,0
215.40526,4.661,10,-3.83,0,202.234,88.016,4,Enrique Iglesias,0.0,0.0,0
235.31057,0.067,2,-6.469,1,215.771,140.533,4,Brad Paisley,0.0,0.0,0
149.4722,2.56,0,-22.76,0,139.43,91.949,4,John Frizzell,0.0,0.0,0
245.81179,5.863,6,-9.474,1,235.282,137.505,4,Bruce Springsteen,0.0,0.0,0
291.65669,0.543,7,-6.718,1,275.824,138.513,4,The Rolling Stones,0.0,0.0,0
274.20689,0.0,4,-5.721,1,259.146,157.758,4,Brad Paisley,0.0,1.0,0
195.23873,0.421,9,-9.142,0,181.557,91.041,4,Michael Jackson,0.0,0.0,0
204.17261,6.78,8,-11.941,1,191.182,109.723,4,Bruce Springsteen,0.0,1.0,1
186.8273,0.218,8,-5.593,1,180.64,149.752,4,Ray Charles,0.0,0.0,0
244.74077,0.2,2,-17.376,1,226.215,67.001,3,Mannheim Steamroller,0.0,0.0,0
193.17506,0.102,6,-3.437,1,178.823,85.326,5,Mariah Carey,0.0,1.0,1
274.75546,0.136,0,-11.279,1,262.142,116.708,4,The Rolling Stones,0.0,1.0,0
238.39302,0.386,0,-6.274,1,224.305,177.047,3,Coldplay,0.0,0.0,1
227.91791,0.142,4,-11.003,0,209.519,239.733,4,Daft Punk,0.0,0.0,1
362.97098,0.247,3,-6.909,1,347.034,209.569,4,Coldplay,0.0,1.0,1
245.36771,0.073,3,-5.831,1,242.283,110.246,4,Bruce Springsteen,0.0,0.0,0
238.21016,5.846,11,-9.107,0,222.616,89.962,4,Céline Dion,0.0,0.0,1
261.48526,0.284,0,-4.22,1,247.716,166.894,4,The Rolling Stones,0.0,0.0,0
127.29424,0.106,7,-19.582,1,116.495,108.883,5,Bruce Springsteen,0.0,0.0,0
167.3922,0.142,8,-5.316,1,159.283,128.405,3,Weezer,0.0,0.0,0
197.45914,0.34,6,-11.732,0,187.054,84.964,5,Céline Dion,0.0,0.0,0
177.26649,0.2,3,-15.236,1,172.106,104.065,3,James Brown,0.0,0.0,0
235.17995,0.288,7,-6.302,1,227.265,115.794,3,The Rolling Stones,0.0,0.0,0
172.56444,0.0,8,-4.677,1,167.567,105.231,4,Weezer,0.0,0.0,0
251.21914,0.461,9,-7.338,0,243.641,152.145,4,Mariah Carey,0.0,0.0,0
253.3873,2.276,8,-3.998,1,246.097,139.3,4,U2,0.0,0.0,1
303.96036,3.419,8,-10.77,1,297.796,78.167,4,Céline Dion,0.0,0.0,0
125.70077,0.0,10,-21.201,1,119.252,142.443,1,Johnny Cash,0.0,0.0,0
151.45751,0.177,11,-4.198,1,146.268,115.967,4,The Black Keys,0.0,0.0,0
262.26893,17.786,2,-14.465,0,245.429,161.908,4,Muse,0.0,0.0,0
206.0273,0.0,1,-7.954,0,199.802,110.81,4,Michael Jackson,0.0,0.0,0
230.03383,0.165,3,-8.569,1,224.485,138.66,4,Céline Dion,0.0,0.0,0
244.37506,3.344,0,-6.267,1,229.245,113.797,4,Enrique Iglesias,0.0,0.0,0
249.75628,0.061,0,-9.825,1,234.777,115.03,4,Coldplay,0.0,0.0,1
327.8624,0.194,0,-17.736,1,308.605,90.954,1,Mannheim Steamroller,0.0,0.0,0
359.88853,7.082,7,-12.606,1,348.839,155.399,4,Céline Dion,0.0,0.0,0
196.15302,3.019,9,-23.658,1,187.037,179.215,4,John Frizzell,0.0,0.0,0
56.18893,0.421,2,-13.498,1,56.189,116.147,3,John Frizzell,0.0,0.0,0
194.92526,0.06,3,-10.693,1,187.42,149.655,5,Ray Charles,0.0,1.0,0
165.92934,0.519,5,-23.306,1,155.191,73.514,4,Mannheim Steamroller,0.0,0.0,0
243.51302,0.0,1,-5.26,1,232.182,74.618,4,Weezer,0.0,0.0,0
303.98649,0.471,5,-9.192,1,287.283,105.915,4,Bruce Springsteen,0.0,0.0,0
153.96526,0.0,11,-6.002,1,148.108,121.621,4,Johnny Cash,0.0,0.0,0
148.24444,2.368,9,-16.111,1,141.084,97.657,4,Johnny Cash,0.0,0.0,0
154.22649,0.212,5,-14.231,0,146.576,83.678,1,Ray Charles,0.0,0.0,0
205.81832,0.0,1,-7.918,1,189.922,124.389,4,Eminem,0.0,0.0,1
189.43955,0.217,6,-8.177,1,180.407,119.765,4,Weezer,1.0,1.0,1
114.88608,0.386,10,-16.094,0,114.886,142.877,4,John Frizzell,0.0,0.0,0
269.29587,0.224,5,-8.707,0,262.722,104.798,4,The Black Keys,0.0,0.0,0
141.84444,0.171,4,-12.457,1,135.204,96.629,1,Johnny Cash,0.0,1.0,1
191.26812,0.444,7,-9.451,1,183.426,129.755,4,Michael Jackson,0.0,0.0,0
224.13016,0.0,10,-3.955,1,209.212,171.881,4,Nickelback,0.0,1.0,1
430.07955,0.0,1,-4.323,1,424.699,111.593,4,Metallica,0.0,0.0,0
107.4673,0.351,0,-34.198,1,98.528,136.951,4,John Frizzell,0.0,0.0,0
34.7424,0.229,10,-33.241,1,34.742,88.439,1,Mannheim Steamroller,0.0,0.0,0
263.99302,0.0,8,-2.994,1,251.588,181.118,4,Michael Jackson,0.0,0.0,0
201.69098,0.0,3,-6.039,0,191.211,109.355,1,The Black Keys,0.0,0.0,0
210.9122,0.63,4,-27.979,1,203.343,118.288,4,John Frizzell,0.0,0.0,0
273.94567,0.206,9,-13.474,1,261.776,116.941,3,Muse,0.0,0.0,0
203.93751,0.0,5,-12.236,1,194.635,98.344,4,Ray Charles,0.0,0.0,0
220.81261,0.16,7,-6.669,1,208.562,148.801,4,Brad Paisley,0.0,0.0,0
211.01669,0.0,7,-12.532,0,211.017,124.452,4,James Brown,0.0,1.0,0
264.69832,0.34,4,-6.917,0,257.393,185.477,1,Jason Mraz,0.0,0.0,0
285.64853,0.241,0,-10.589,0,269.119,143.408,5,Céline Dion,0.0,0.0,0
187.71546,2.601,0,-14.433,1,181.278,110.258,1,Johnny Cash,0.0,1.0,0
258.92526,0.09,8,-3.606,1,248.662,145.961,4,Nickelback,0.0,1.0,1
186.14812,0.0,5,-7.126,1,179.722,112.861,4,James Brown,0.0,0.0,0
270.88934,0.119,9,-10.406,0,263.732,139.343,1,The Rolling Stones,0.0,1.0,1
111.80363,3.733,10,-13.65,1,106.359,99.693,4,Johnny Cash,0.0,0.0,0
348.44689,0.0,2,-5.99,1,336.672,87.045,4,Eminem,0.0,0.0,1
251.79383,0.078,4,-15.036,1,246.033,91.36,4,Mariah Carey,0.0,0.0,0
266.63138,2.113,2,-5.499,1,255.762,100.253,4,U2,1.0,0.0,1
238.8371,0.0,5,-7.199,1,225.779,90.04,3,Mariah Carey,0.0,0.0,0
278.282,0.702,0,-6.195,1,270.797,106.482,4,Michael Jackson,0.0,0.0,1
241.97179,11.616,3,-15.051,1,217.501,74.331,7,Mannheim Steamroller,0.0,0.0,0
240.43057,0.27,1,-5.11,0,228.809,83.969,5,Mariah Carey,0.0,0.0,0
336.56118,0.0,10,-13.854,1,336.561,94.994,1,Ray Charles,0.0,0.0,0
126.35383,0.061,10,-16.371,1,120.274,118.074,1,Johnny Cash,0.0,0.0,0
246.9873,7.97,5,-11.61,1,233.227,153.598,4,Bruce Springsteen,0.0,0.0,1
338.442,0.286,11,-8.167,1,330.466,139.178,4,Enrique Iglesias,0.0,0.0,0
283.79383,1.06,10,-6.753,1,275.139,111.101,4,Enrique Iglesias,0.0,0.0,0
205.13914,0.125,2,-6.244,1,198.177,149.013,4,U2,0.0,1.0,0
264.25424,0.195,2,-8.846,1,252.331,124.76,4,Brad Paisley,0.0,0.0,0
259.52608,4.952,0,-12.99,1,246.143,133.894,4,Céline Dion,0.0,0.0,0
243.12118,0.074,4,-5.323,0,234.818,88.044,4,Mariah Carey,0.0,0.0,0
217.44281,0.183,7,-7.515,0,214.332,87.01,4,Mariah Carey,0.0,0.0,0
675.91791,0.0,10,-8.901,0,671.057,92.82,3,James Brown,0.0,0.0,0
246.49098,0.334,0,-14.073,1,234.672,70.055,3,Mannheim Steamroller,0.0,0.0,0
